customer_id,credit_amount,customer_age,credit_score,income,employment_status,loan_purpose,previous_loans,previous_refunds,late_payments,days_since_credit,support_tickets,payment_method,is_refunded
1,7370,40,641,74613,employed,education,0,1,7,106,4,bank_transfer,1
2,960,49,520,32373,employed,education,4,1,5,3,5,paypal,1
3,5490,57,372,60452,employed,medical,0,3,6,326,1,bank_transfer,1
4,5291,30,345,65089,student,shopping,1,1,7,253,2,card,1
5,5834,37,803,21654,student,travel,2,4,2,22,4,paypal,0
6,6365,52,573,46280,employed,shopping,5,2,4,55,5,bank_transfer,0
7,566,22,507,71141,student,shopping,1,2,9,297,0,card,1
8,4526,26,423,102943,employed,business,2,3,6,110,4,bank_transfer,1
9,5678,46,309,82894,self_employed,medical,2,3,8,223,0,card,1
10,8422,23,628,41583,employed,medical,6,3,5,248,0,card,1
11,1785,42,486,109242,self_employed,education,3,4,9,136,3,card,1
12,869,48,842,21360,employed,shopping,7,2,0,321,1,bank_transfer,0
13,7049,39,359,68968,employed,travel,6,0,7,246,3,card,1
14,2533,19,741,18743,employed,business,4,3,5,70,0,bank_transfer,1
15,5411,62,516,22159,employed,medical,3,1,0,18,1,bank_transfer,0
16,5151,22,301,47151,employed,education,5,0,3,186,1,card,0
17,6520,44,835,15518,employed,travel,1,0,5,117,1,card,0
18,1284,42,655,31652,employed,shopping,3,3,9,257,2,paypal,1
19,4655,25,464,93461,self_employed,travel,5,1,0,278,4,bank_transfer,1
20,3485,18,390,86011,employed,medical,2,3,9,95,0,card,1
21,6496,37,466,117489,self_employed,business,1,3,4,115,1,bank_transfer,0
22,8766,61,506,118465,employed,shopping,3,1,2,62,5,card,1
23,9374,40,581,57348,unemployed,business,0,0,6,275,2,card,1
24,2658,49,364,90422,unemployed,emergency,5,0,7,315,2,bank_transfer,1
25,7949,28,815,92001,employed,travel,5,1,2,124,5,bank_transfer,0
26,2147,56,456,91757,self_employed,travel,4,0,9,80,0,card,1
27,2847,64,605,39395,employed,education,7,4,2,147,3,card,1
28,9267,41,694,17335,unemployed,shopping,0,3,2,22,2,card,1
29,289,28,373,116978,employed,travel,1,4,5,83,0,crypto,1
30,2834,46,486,85112,employed,medical,3,4,5,324,2,card,1
31,3105,43,636,15500,employed,emergency,2,4,2,5,0,card,0
32,4758,33,539,107211,employed,medical,3,2,5,261,1,paypal,1
33,1999,52,832,23083,employed,business,7,2,8,280,3,card,1
34,7834,37,440,96256,self_employed,emergency,6,4,7,129,5,card,1
35,1367,63,564,20543,employed,emergency,7,3,6,114,2,bank_transfer,1
36,1628,20,438,83812,employed,medical,1,4,6,284,5,bank_transfer,1
37,3656,18,758,67237,employed,travel,1,4,7,47,2,bank_transfer,1
38,3990,64,369,111171,employed,medical,1,2,6,341,2,card,1
39,8938,18,684,104716,employed,shopping,1,4,2,188,4,paypal,1
40,5493,34,497,21613,student,business,6,3,7,19,4,card,1
41,8892,19,504,81863,employed,emergency,5,3,7,87,5,card,1
42,8533,46,730,55540,self_employed,shopping,3,4,0,142,1,card,1
43,7613,37,624,91202,employed,travel,0,3,9,251,2,bank_transfer,1
44,2712,23,741,41255,employed,travel,2,4,4,326,3,bank_transfer,0
45,7141,25,587,100666,self_employed,medical,2,2,4,8,4,bank_transfer,1
46,9655,46,525,37068,employed,education,4,4,0,37,0,bank_transfer,1
47,6335,65,363,64057,employed,emergency,5,0,5,86,0,card,0
48,5586,68,797,33946,self_employed,emergency,1,2,5,72,0,card,1
49,7199,50,359,35547,employed,education,7,3,3,266,1,bank_transfer,1
50,9770,20,696,100237,employed,travel,1,3,5,67,2,card,1
51,875,52,556,20769,self_employed,travel,1,2,5,141,2,card,1
52,8326,22,538,39883,self_employed,emergency,7,0,0,295,5,paypal,1
53,3252,44,337,76340,employed,business,5,2,4,64,4,bank_transfer,1
54,1685,61,324,94199,employed,emergency,0,1,1,30,0,card,0
55,4043,29,709,119222,employed,travel,1,0,6,45,1,bank_transfer,1
56,7655,37,760,117859,employed,travel,4,2,8,134,5,bank_transfer,1
57,3173,62,716,50162,self_employed,business,4,1,8,16,3,card,0
58,1121,37,656,103388,student,shopping,0,4,8,278,2,card,1
59,3943,26,682,100924,student,shopping,5,0,6,219,2,card,0
60,8089,56,457,48434,employed,business,1,4,6,277,1,card,1
61,9792,21,732,37102,employed,business,6,1,0,221,5,card,0
62,6973,68,347,36536,self_employed,shopping,3,3,5,193,5,paypal,1
63,5775,36,627,92891,employed,shopping,3,3,4,158,4,bank_transfer,0
64,261,55,732,82770,student,shopping,2,3,7,24,1,paypal,1
65,4397,44,730,119639,self_employed,shopping,0,4,7,320,5,card,1
66,1095,62,355,65388,unemployed,emergency,3,0,3,141,4,card,1
67,7729,60,567,65775,employed,emergency,2,4,0,222,5,paypal,1
68,9567,30,368,46147,employed,medical,4,4,5,26,2,bank_transfer,1
69,1116,30,748,65526,student,business,2,3,9,98,4,paypal,1
70,7969,39,556,38659,self_employed,education,1,4,0,276,5,card,1
71,6539,45,789,119663,student,medical,1,1,4,61,4,paypal,0
72,7992,69,348,97096,employed,education,4,2,4,243,4,card,1
73,6963,64,615,38088,self_employed,education,0,2,2,9,5,card,0
74,8016,62,712,83464,self_employed,travel,5,2,4,357,4,bank_transfer,1
75,8629,39,733,74998,employed,business,7,3,5,272,0,bank_transfer,1
76,978,60,301,55382,employed,emergency,7,3,4,260,0,card,1
77,9368,36,444,43184,self_employed,medical,1,2,0,32,5,crypto,1
78,4987,25,665,35099,employed,business,7,0,6,340,0,bank_transfer,0
79,4959,69,719,84810,employed,shopping,1,2,2,93,0,card,0
80,6431,25,743,105506,self_employed,business,2,4,6,128,1,card,1
81,8671,59,733,106280,employed,education,2,2,4,237,3,card,1
82,8784,43,356,52739,student,emergency,2,2,2,17,5,card,1
83,7308,65,477,23389,employed,shopping,3,0,5,41,4,bank_transfer,1
84,5376,68,592,32352,employed,business,6,3,0,301,1,bank_transfer,0
85,2162,43,345,36148,unemployed,business,4,3,5,272,5,bank_transfer,1
86,164,40,469,46828,unemployed,emergency,0,4,3,276,0,card,1
87,8106,60,570,83040,employed,education,2,2,3,42,4,card,1
88,2668,30,716,71795,student,shopping,0,1,4,266,3,crypto,0
89,5563,45,438,73620,employed,education,6,4,8,52,5,card,1
90,2127,26,546,119310,employed,emergency,2,3,0,188,4,card,1
91,2795,37,447,109279,employed,business,1,0,2,151,2,bank_transfer,0
92,9787,36,529,109430,employed,medical,6,3,3,244,2,bank_transfer,1
93,5358,65,673,111531,student,medical,0,3,1,289,5,crypto,1
94,5718,56,379,72114,self_employed,travel,3,0,8,127,1,crypto,0
95,6836,68,364,55711,unemployed,medical,2,2,6,205,3,paypal,1
96,491,29,387,32748,self_employed,emergency,5,2,0,306,1,card,1
97,5992,32,387,103636,employed,emergency,4,3,8,357,4,card,1
98,3661,48,503,48691,self_employed,emergency,1,4,5,100,3,bank_transfer,1
99,6284,31,681,103517,unemployed,shopping,6,1,1,344,5,card,1
100,3199,28,775,80282,self_employed,travel,6,4,0,79,1,card,0
101,6378,43,838,113244,student,shopping,2,4,5,183,4,card,1
102,8492,59,513,75360,unemployed,medical,6,3,6,98,0,card,1
103,3204,44,373,25246,employed,medical,0,3,9,68,4,bank_transfer,1
104,7315,28,360,74395,self_employed,business,7,1,5,334,1,card,1
105,2554,55,842,47486,student,shopping,2,1,6,28,5,card,0
106,9096,51,518,45340,unemployed,education,1,1,5,29,5,paypal,1
107,2831,60,311,99874,employed,business,4,3,7,338,3,bank_transfer,1
108,8254,36,714,65300,employed,shopping,4,3,1,122,3,paypal,1
109,9862,23,331,18086,self_employed,emergency,4,4,8,212,0,card,1
110,5156,63,459,106071,employed,travel,5,3,8,176,1,card,1
111,8210,69,536,29860,self_employed,shopping,7,2,8,105,5,card,1
112,3940,55,480,32013,employed,travel,1,2,6,72,5,bank_transfer,1
113,1128,66,640,22407,employed,travel,5,1,8,110,0,paypal,0
114,7485,59,757,48542,employed,medical,5,3,0,113,2,card,0
115,602,45,379,39935,employed,education,6,2,2,232,5,paypal,1
116,7010,18,772,64079,employed,shopping,2,4,1,43,4,bank_transfer,1
117,9162,52,411,49111,employed,education,1,0,0,265,2,card,0
118,7038,57,591,71550,employed,travel,1,4,4,296,2,bank_transfer,1
119,4588,25,682,90697,employed,medical,6,0,0,46,0,bank_transfer,0
120,306,69,316,104117,employed,education,2,4,2,58,0,card,1
121,5234,64,792,112813,employed,business,3,2,5,225,4,card,1
122,6077,24,630,101936,self_employed,travel,5,3,5,140,0,bank_transfer,1
123,7821,28,785,91955,student,business,4,0,2,101,0,bank_transfer,0
124,7135,56,705,55565,employed,emergency,7,3,3,281,0,card,1
125,1584,21,416,34283,employed,education,0,3,6,238,5,paypal,1
126,7958,42,414,81470,self_employed,education,7,2,5,89,0,card,1
127,963,29,848,115290,employed,education,5,1,1,246,0,card,0
128,2890,43,846,101916,unemployed,emergency,0,1,8,179,2,card,1
129,7508,55,635,94552,self_employed,shopping,2,0,5,231,2,paypal,0
130,8855,63,635,53233,employed,travel,7,2,1,99,4,bank_transfer,1
131,5216,29,446,37695,employed,travel,0,3,6,215,3,bank_transfer,1
132,6119,60,421,105488,employed,travel,3,4,9,200,4,crypto,1
133,1857,68,380,57734,employed,shopping,1,4,9,256,5,bank_transfer,1
134,7674,54,674,96257,employed,education,4,0,3,195,5,card,0
135,6474,63,362,16505,employed,education,0,0,0,24,5,bank_transfer,0
136,6992,41,803,20363,student,emergency,0,0,9,363,1,bank_transfer,0
137,1778,33,748,63708,employed,business,7,2,8,270,4,card,1
138,3342,30,727,58614,employed,shopping,2,4,9,278,4,card,1
139,4736,42,726,16010,self_employed,medical,2,2,7,226,0,bank_transfer,1
140,1159,69,720,34861,employed,shopping,6,2,4,228,0,card,0
141,6768,21,621,39125,employed,emergency,1,3,2,128,0,card,0
142,3257,28,465,24369,employed,business,4,2,3,31,3,bank_transfer,1
143,6015,49,760,84393,self_employed,business,6,2,2,341,5,paypal,1
144,9889,66,758,41671,unemployed,business,6,3,9,251,0,card,1
145,2793,24,488,90400,employed,education,0,1,7,58,1,card,1
146,3727,63,763,79512,employed,medical,1,3,4,325,2,bank_transfer,0
147,9655,28,678,113026,employed,business,7,0,7,147,1,bank_transfer,0
148,5550,45,301,90656,employed,travel,7,1,0,106,3,crypto,0
149,1763,58,663,100759,employed,education,7,4,8,85,0,bank_transfer,1
150,9821,40,371,112686,student,medical,4,2,9,2,4,bank_transfer,1
151,5692,62,726,59138,unemployed,travel,1,1,2,303,2,crypto,0
152,7492,40,469,68420,employed,medical,0,4,0,53,5,card,1
153,1406,67,504,83089,employed,emergency,7,3,2,222,3,card,1
154,6876,45,636,30489,self_employed,medical,2,3,1,25,1,bank_transfer,0
155,5964,60,771,74789,employed,travel,2,0,6,35,0,card,0
156,9574,64,494,84925,employed,shopping,2,0,9,157,3,card,1
157,7626,43,574,64703,employed,medical,3,1,3,343,3,card,0
158,9001,42,306,102486,employed,shopping,1,2,6,145,4,bank_transfer,1
159,5675,46,477,91625,employed,medical,7,3,2,336,5,paypal,1
160,5630,36,541,73228,student,emergency,0,1,5,278,4,card,1
161,4513,50,502,18051,student,travel,1,1,6,294,4,bank_transfer,1
162,3848,53,842,53090,employed,medical,2,1,6,343,5,card,0
163,763,31,761,43805,employed,business,5,0,4,277,1,bank_transfer,0
164,2098,31,379,109978,unemployed,emergency,5,3,5,179,4,bank_transfer,1
165,8094,52,822,59557,employed,business,7,0,2,280,5,paypal,0
166,1595,47,716,17555,student,emergency,1,0,3,352,3,card,0
167,3404,45,683,65241,employed,emergency,7,1,5,301,3,bank_transfer,0
168,3863,34,690,93303,employed,medical,4,4,2,197,5,card,0
169,5332,20,425,80994,employed,travel,5,4,6,225,3,bank_transfer,1
170,1953,33,793,31066,student,travel,5,4,2,47,2,paypal,0
171,6685,63,346,19721,employed,education,1,1,8,185,2,paypal,1
172,1391,47,775,92982,employed,travel,6,2,3,162,5,card,1
173,3681,69,763,21304,employed,shopping,3,3,1,131,5,paypal,1
174,7654,46,422,57967,student,medical,3,1,5,295,1,card,1
175,7380,62,773,115224,unemployed,business,2,1,8,92,5,card,1
176,1736,32,433,93763,unemployed,travel,7,0,9,75,4,paypal,1
177,3796,63,322,55462,unemployed,business,0,4,9,138,3,card,1
178,798,42,534,86834,employed,education,6,1,1,168,4,card,1
179,4837,68,358,119933,employed,medical,7,2,3,258,5,card,1
180,954,55,463,118450,employed,travel,4,3,4,238,3,card,1
181,8264,59,515,65155,employed,business,7,2,8,45,2,card,1
182,5955,64,482,90842,student,emergency,6,1,6,309,3,paypal,1
183,7492,69,389,17589,student,travel,7,1,4,137,1,card,1
184,6628,55,610,52078,employed,education,0,0,5,103,0,bank_transfer,0
185,5349,40,556,115545,self_employed,emergency,0,2,8,129,3,card,1
186,5272,42,832,69918,unemployed,business,4,0,3,161,5,bank_transfer,0
187,1807,59,832,28601,employed,business,3,2,1,38,1,bank_transfer,0
188,5891,24,351,22711,employed,medical,6,4,4,57,2,paypal,1
189,5635,39,637,101900,employed,medical,7,4,6,161,2,crypto,1
190,5031,34,470,74430,employed,business,5,2,3,176,0,card,1
191,3610,35,366,78327,self_employed,emergency,2,0,0,259,5,crypto,0
192,302,66,599,114242,employed,medical,1,4,7,288,4,card,1
193,4318,58,531,110146,employed,business,3,1,4,324,4,card,0
194,9058,27,367,117605,unemployed,emergency,2,3,9,145,3,bank_transfer,1
195,4489,27,805,18970,employed,shopping,5,0,1,68,2,card,0
196,2427,24,327,84535,employed,travel,3,2,2,340,1,card,0
197,8104,65,350,101570,unemployed,shopping,6,3,9,268,0,paypal,1
198,3031,67,559,51176,employed,shopping,4,3,9,218,4,bank_transfer,1
199,7877,55,483,56730,employed,travel,0,1,4,301,3,card,0
200,297,44,322,97168,student,business,4,0,3,164,3,bank_transfer,0
201,7225,69,428,28385,employed,business,5,3,8,336,2,paypal,1
202,2030,50,590,20950,student,medical,1,0,8,179,1,paypal,0
203,6387,18,800,116230,employed,education,7,1,7,48,1,bank_transfer,0
204,8900,61,485,88511,employed,business,4,2,1,194,4,bank_transfer,1
205,9439,51,778,68009,employed,travel,5,3,4,289,3,bank_transfer,1
206,4382,21,791,101850,employed,education,0,3,7,206,2,bank_transfer,1
207,2611,34,812,38398,student,travel,3,3,7,84,1,bank_transfer,1
208,759,21,366,40277,self_employed,travel,2,0,6,101,3,bank_transfer,1
209,2911,60,766,41761,unemployed,travel,5,3,3,155,1,bank_transfer,0
210,7198,43,584,79435,student,education,5,0,2,47,0,crypto,0
211,6646,21,716,78944,employed,shopping,6,4,7,234,1,card,1
212,9661,18,399,46533,student,emergency,1,4,7,341,1,card,1
213,2086,24,488,87502,self_employed,travel,3,0,9,299,3,bank_transfer,1
214,8438,47,687,87123,self_employed,medical,5,4,4,336,1,card,1
215,3011,67,540,37880,student,business,5,1,2,147,1,bank_transfer,0
216,1834,26,716,85627,self_employed,emergency,2,1,4,196,0,card,0
217,1943,52,475,56753,employed,business,7,4,3,22,1,bank_transfer,1
218,8780,25,686,111666,self_employed,business,0,2,7,194,1,paypal,1
219,3076,41,770,97597,employed,education,4,0,1,364,3,bank_transfer,0
220,2059,36,532,102829,employed,medical,6,4,7,354,2,card,1
221,5859,53,751,16561,self_employed,medical,3,0,9,274,0,crypto,0
222,6794,67,576,68205,employed,emergency,2,4,5,208,1,card,1
223,2485,69,528,74810,employed,medical,2,1,3,275,2,card,0
224,4836,60,470,79482,employed,medical,4,2,2,217,3,bank_transfer,1
225,1902,44,512,84192,self_employed,medical,3,0,9,27,0,crypto,0
226,8255,49,581,102154,employed,emergency,3,2,4,15,5,card,1
227,8220,31,340,101066,student,shopping,6,1,5,159,3,bank_transfer,1
228,6716,35,421,102408,employed,medical,0,3,0,214,2,card,0
229,5634,45,526,43330,employed,medical,3,3,0,351,0,card,1
230,4161,46,593,31139,employed,education,6,0,9,164,1,paypal,0
231,362,33,566,47977,self_employed,education,5,1,2,127,2,bank_transfer,0
232,6387,52,840,19983,employed,medical,4,0,1,330,3,bank_transfer,1
233,8915,64,750,54909,unemployed,shopping,3,0,0,58,0,card,0
234,9308,48,748,79480,unemployed,medical,7,0,7,147,2,bank_transfer,1
235,2149,21,360,64029,student,medical,7,2,0,256,5,paypal,1
236,5523,54,801,36329,unemployed,medical,0,4,9,110,2,card,1
237,4648,34,446,51734,employed,travel,2,1,7,49,3,bank_transfer,1
238,3208,56,633,57837,employed,shopping,5,2,4,182,3,crypto,1
239,7258,65,441,89354,self_employed,business,3,4,3,61,1,paypal,1
240,7500,63,343,91454,self_employed,medical,4,0,7,235,1,card,1
241,3270,43,443,81786,student,business,3,3,7,242,2,bank_transfer,1
242,9974,65,632,19758,self_employed,shopping,6,2,7,130,3,bank_transfer,1
243,2355,56,796,117667,unemployed,medical,1,1,2,331,2,card,0
244,1254,58,695,82699,employed,business,7,1,7,264,4,bank_transfer,0
245,4599,21,354,115157,student,emergency,0,4,0,208,5,crypto,1
246,6395,47,606,97673,self_employed,business,2,2,3,142,3,paypal,1
247,6297,47,722,112639,self_employed,shopping,1,0,4,22,4,paypal,0
248,9988,39,716,36832,employed,medical,4,4,5,17,4,card,1
249,1748,28,624,16868,student,travel,3,1,4,363,3,crypto,0
250,5639,19,379,65665,unemployed,shopping,0,2,4,319,1,bank_transfer,1
251,9737,61,330,56862,employed,travel,5,3,4,122,2,card,1
252,4299,29,411,34728,self_employed,medical,6,0,8,282,0,bank_transfer,0
253,8545,47,771,118542,employed,business,6,1,9,227,0,paypal,0
254,2657,53,373,108565,unemployed,emergency,3,2,9,301,5,card,1
255,5692,35,778,54857,employed,emergency,7,3,2,286,3,paypal,1
256,198,43,686,43183,employed,shopping,3,1,1,116,1,paypal,0
257,2300,24,732,103321,employed,shopping,3,3,9,149,1,card,1
258,3061,18,711,33940,self_employed,shopping,5,1,1,170,1,paypal,0
259,5073,43,766,20280,employed,education,3,4,7,90,0,paypal,1
260,4533,40,547,117548,self_employed,emergency,0,4,4,119,4,card,1
261,2969,43,419,17164,unemployed,emergency,5,4,4,184,5,card,1
262,1056,62,366,107724,student,medical,5,2,5,264,0,card,1
263,8452,23,626,94624,employed,education,7,4,8,227,1,card,1
264,5799,23,769,33405,unemployed,shopping,1,2,6,93,0,bank_transfer,1
265,7044,61,792,17821,self_employed,shopping,4,0,4,117,0,card,0
266,4593,25,585,70090,employed,travel,5,4,4,312,5,crypto,1
267,9592,41,611,37516,employed,education,1,2,9,318,2,crypto,1
268,5011,39,608,25473,employed,business,0,1,8,121,3,card,1
269,4087,36,396,61454,student,emergency,4,2,8,317,4,bank_transfer,1
270,9819,54,412,57530,employed,medical,5,2,1,138,2,bank_transfer,1
271,6115,35,755,119273,employed,business,2,1,6,231,3,bank_transfer,1
272,1318,48,762,92714,student,business,1,2,9,306,1,card,1
273,4596,54,431,119472,self_employed,medical,0,1,0,148,5,card,1
274,4835,47,420,107554,student,shopping,0,3,3,284,5,card,1
275,4655,59,496,97633,self_employed,emergency,0,4,1,142,2,card,0
276,9246,50,781,94632,employed,travel,6,0,9,332,3,paypal,0
277,8150,27,338,84081,student,shopping,4,2,8,8,5,card,1
278,3546,54,811,39798,employed,shopping,7,1,5,5,2,card,0
279,1145,29,773,15863,self_employed,education,3,4,3,257,5,bank_transfer,0
280,6993,47,460,31148,self_employed,business,2,2,2,329,0,card,1
281,1793,44,588,101545,employed,business,4,4,3,246,0,card,0
282,3536,56,499,69459,unemployed,emergency,4,3,1,235,2,bank_transfer,1
283,8854,26,827,98345,employed,business,7,2,4,362,2,bank_transfer,0
284,5995,38,802,99224,employed,travel,7,1,8,10,4,card,0
285,3454,29,547,81189,unemployed,travel,5,3,5,242,1,bank_transfer,1
286,325,46,682,23129,self_employed,travel,6,2,1,321,0,card,0
287,4993,50,517,106954,self_employed,medical,1,4,5,188,5,bank_transfer,1
288,7122,60,386,38118,employed,emergency,2,3,8,314,2,bank_transfer,1
289,9251,32,381,15443,student,travel,0,1,3,2,3,card,1
290,5700,19,361,42041,employed,education,4,2,0,154,5,card,1
291,8096,69,799,104379,employed,education,2,4,1,203,1,bank_transfer,0
292,9107,56,341,36053,employed,shopping,1,4,4,217,3,paypal,1
293,7783,61,311,111384,employed,shopping,3,3,9,315,5,paypal,1
294,4742,35,414,118410,self_employed,emergency,2,2,6,105,1,bank_transfer,1
295,7779,20,517,52204,employed,shopping,6,4,7,1,3,bank_transfer,1
296,8308,24,405,57240,employed,shopping,6,3,2,254,0,bank_transfer,1
297,7439,60,827,116343,employed,education,0,0,8,287,2,paypal,0
298,9535,35,771,108749,self_employed,shopping,6,4,1,294,5,paypal,1
299,2305,61,686,76102,student,education,4,3,3,278,2,card,0
300,1169,55,525,23291,employed,travel,3,0,3,194,4,card,1
301,3544,54,780,31285,self_employed,travel,7,3,5,257,5,card,1
302,1160,50,707,107422,employed,emergency,1,4,9,250,2,card,1
303,2427,61,756,76589,self_employed,medical,0,0,5,248,5,crypto,1
304,3520,48,320,28944,employed,shopping,7,3,2,88,0,card,1
305,401,28,502,116041,employed,travel,3,2,8,253,1,card,1
306,706,21,716,103876,self_employed,travel,5,0,4,164,1,paypal,0
307,3270,35,715,110561,unemployed,emergency,5,3,1,162,2,card,0
308,799,21,747,69391,employed,business,1,2,5,265,3,card,1
309,5188,66,811,16607,student,business,0,0,2,110,2,card,0
310,9431,51,384,17953,self_employed,emergency,6,3,7,340,5,bank_transfer,1
311,290,46,466,59941,unemployed,education,4,4,2,207,1,card,1
312,1080,41,683,86469,employed,medical,1,0,4,319,5,bank_transfer,0
313,3075,39,767,91922,employed,emergency,6,0,3,132,4,card,0
314,6202,19,371,76683,student,business,3,2,3,133,1,bank_transfer,0
315,1284,61,820,85218,employed,medical,0,3,1,108,3,card,0
316,3427,23,772,26154,employed,travel,5,4,7,172,3,paypal,1
317,3494,59,557,24047,employed,emergency,5,2,2,40,4,card,1
318,8419,42,574,103529,student,education,2,0,3,292,5,card,1
319,1916,38,319,90874,employed,medical,0,2,5,35,5,bank_transfer,1
320,5954,33,789,29323,student,business,3,2,8,59,5,card,1
321,6809,48,789,52693,employed,travel,3,2,3,193,3,card,1
322,669,31,625,73730,employed,emergency,2,0,2,210,2,bank_transfer,0
323,5542,56,828,104170,employed,shopping,6,1,4,31,2,card,0
324,1995,45,388,41292,employed,travel,3,2,8,174,1,bank_transfer,1
325,2833,49,785,119087,self_employed,business,6,1,0,305,0,card,0
326,3963,45,649,60111,self_employed,emergency,6,4,4,198,2,paypal,0
327,7555,68,383,90453,employed,business,0,4,3,106,2,crypto,1
328,4114,66,686,90681,employed,shopping,6,4,4,275,5,card,1
329,1786,26,386,110253,self_employed,travel,5,3,6,96,5,bank_transfer,1
330,3109,62,606,54491,student,medical,1,0,6,170,4,card,0
331,7906,39,453,64336,self_employed,medical,5,1,6,30,2,paypal,1
332,254,49,739,31905,student,travel,6,3,0,282,1,card,0
333,1509,22,563,45273,employed,medical,7,1,8,161,5,bank_transfer,0
334,884,40,720,41234,student,emergency,5,0,6,306,4,bank_transfer,0
335,8196,22,792,93885,employed,travel,0,2,3,111,2,card,0
336,7660,59,710,81538,employed,travel,6,3,3,212,1,card,0
337,7443,49,472,119570,student,business,7,0,1,196,4,card,1
338,7306,27,303,47573,unemployed,education,3,3,5,96,0,paypal,1
339,5696,56,771,108339,self_employed,business,2,4,9,338,5,card,1
340,5901,32,409,79320,employed,medical,2,3,2,138,1,bank_transfer,0
341,2906,24,336,26330,employed,education,4,2,0,278,2,card,1
342,637,46,330,107040,employed,travel,2,2,4,310,4,card,1
343,6086,64,680,95516,student,medical,2,1,5,179,0,bank_transfer,0
344,1941,20,567,87553,employed,shopping,3,3,4,337,1,paypal,0
345,8816,36,310,56353,student,medical,1,4,4,234,0,bank_transfer,1
346,7071,27,643,31011,employed,education,1,2,9,249,1,bank_transfer,1
347,5725,45,843,98537,student,education,3,1,7,132,2,bank_transfer,0
348,3050,46,465,75985,unemployed,travel,2,4,9,249,1,bank_transfer,1
349,8092,32,641,32044,employed,emergency,0,4,0,293,2,card,1
350,4880,52,781,53292,employed,shopping,5,4,7,63,1,paypal,1
351,2468,23,318,20250,student,travel,6,0,6,307,4,bank_transfer,1
352,6755,29,483,38289,employed,shopping,5,2,0,257,1,bank_transfer,1
353,8273,64,844,48087,self_employed,shopping,7,0,8,248,1,bank_transfer,0
354,4595,55,309,90952,self_employed,travel,1,0,3,264,3,card,1
355,9263,30,491,105695,employed,medical,7,2,6,337,3,card,1
356,6102,46,619,51368,student,business,3,3,2,361,1,card,0
357,6714,36,774,85815,employed,shopping,7,1,7,179,3,bank_transfer,1
358,9458,20,726,105693,unemployed,education,0,2,3,315,2,card,1
359,6019,25,358,76040,employed,travel,2,1,1,301,3,card,0
360,953,25,735,73900,self_employed,emergency,3,3,1,165,1,paypal,0
361,4246,37,396,30494,employed,medical,7,2,7,91,5,bank_transfer,1
362,3869,64,795,60166,employed,shopping,1,4,7,322,0,card,0
363,674,21,577,106110,employed,emergency,6,2,0,192,5,bank_transfer,1
364,1248,68,564,40333,self_employed,medical,0,3,5,292,5,card,1
365,6393,38,308,48050,self_employed,travel,0,0,8,76,5,bank_transfer,1
366,6557,20,756,112799,student,emergency,1,2,8,306,5,bank_transfer,1
367,7609,62,572,113075,employed,education,0,4,1,99,0,card,1
368,4877,25,307,94566,self_employed,shopping,5,2,7,95,1,card,1
369,3954,40,507,103257,student,shopping,6,0,7,181,1,card,0
370,2591,33,422,63070,employed,emergency,1,2,3,154,0,card,1
371,3224,30,332,20166,employed,medical,5,4,3,356,4,card,1
372,5791,20,812,22121,employed,travel,3,3,4,324,3,crypto,1
373,3151,65,503,29677,employed,business,4,4,9,112,4,card,1
374,104,26,817,71561,employed,shopping,6,3,6,171,2,paypal,1
375,5322,31,816,111777,self_employed,education,2,4,0,253,5,bank_transfer,1
376,5415,30,742,96909,employed,shopping,3,1,8,351,5,bank_transfer,0
377,4969,24,638,102409,self_employed,shopping,5,2,2,122,0,card,1
378,976,32,737,52664,unemployed,business,2,2,3,205,0,card,1
379,9283,24,744,16293,self_employed,business,2,0,6,245,4,bank_transfer,1
380,7127,55,435,37443,self_employed,travel,5,1,4,127,2,paypal,1
381,4242,51,686,64212,employed,shopping,5,0,4,359,4,card,0
382,7066,58,324,99131,student,shopping,6,2,0,315,2,bank_transfer,1
383,7179,39,805,90276,employed,medical,1,0,1,46,1,card,0
384,8087,41,624,27559,self_employed,medical,4,3,4,296,5,bank_transfer,1
385,6899,66,637,80231,unemployed,emergency,6,1,1,236,1,bank_transfer,0
386,4565,54,394,54044,self_employed,emergency,5,4,0,141,0,bank_transfer,1
387,735,61,844,36747,self_employed,education,2,3,9,121,1,card,1
388,1793,18,445,88509,employed,education,2,4,2,361,4,card,1
389,9974,27,530,95869,employed,medical,3,0,0,9,2,bank_transfer,0
390,4852,60,794,45129,student,emergency,4,2,9,66,0,crypto,1
391,8411,33,337,15037,employed,education,4,3,7,309,1,card,1
392,930,63,724,119294,self_employed,shopping,7,1,7,81,0,card,0
393,5277,25,736,112847,employed,emergency,7,4,7,260,0,card,1
394,9661,66,667,118742,student,business,2,3,6,105,2,card,1
395,9032,42,644,63503,employed,emergency,4,2,6,97,4,bank_transfer,1
396,8408,67,459,43207,employed,shopping,3,1,1,190,5,card,1
397,6049,29,849,48241,self_employed,medical,1,1,8,348,4,bank_transfer,0
398,2938,42,840,15058,employed,travel,2,4,6,195,3,bank_transfer,1
399,1250,34,443,83172,employed,travel,0,3,4,334,4,bank_transfer,1
400,7660,43,644,111171,employed,medical,2,3,3,83,1,card,0
401,2031,63,568,29834,employed,shopping,2,1,7,251,3,paypal,1
402,9304,65,567,96113,employed,education,1,0,4,70,3,card,0
403,1764,31,468,42190,employed,emergency,5,1,5,292,3,bank_transfer,1
404,1181,58,332,87832,self_employed,emergency,7,2,3,340,3,bank_transfer,1
405,612,53,676,36383,employed,education,5,3,1,188,4,bank_transfer,1
406,7905,40,513,39660,unemployed,travel,0,4,6,141,3,card,1
407,5337,60,739,17674,employed,medical,7,3,1,140,1,crypto,0
408,659,23,791,37820,employed,medical,0,1,6,75,1,card,0
409,3772,64,692,100040,employed,business,0,2,6,100,0,paypal,0
410,7504,22,788,40666,student,travel,7,0,0,145,1,card,0
411,3443,60,328,58794,employed,medical,5,3,9,175,5,card,1
412,4170,42,338,17076,self_employed,business,6,1,9,309,0,card,0
413,9762,35,472,79854,employed,education,1,1,2,221,1,card,0
414,680,30,316,67342,employed,travel,4,1,2,323,3,card,0
415,7104,60,355,52555,student,travel,0,2,5,10,2,card,1
416,8230,31,525,70208,employed,medical,7,1,2,46,3,crypto,1
417,3247,45,366,47406,employed,medical,4,1,8,339,4,bank_transfer,1
418,4349,35,496,76572,student,shopping,3,1,4,117,0,card,0
419,1779,45,322,55262,self_employed,education,7,3,5,4,2,card,1
420,3606,68,536,106320,student,education,1,1,5,313,1,bank_transfer,0
421,7353,44,437,101661,self_employed,emergency,4,2,7,238,3,card,1
422,2844,49,772,38216,self_employed,business,5,3,9,294,0,paypal,1
423,9535,64,528,83117,student,business,6,1,2,31,0,bank_transfer,1
424,5288,26,616,96136,employed,shopping,5,0,8,130,1,bank_transfer,0
425,2241,57,500,45284,student,emergency,0,2,6,241,0,bank_transfer,1
426,6717,49,557,35171,self_employed,education,6,0,5,81,1,bank_transfer,0
427,2579,37,779,105627,employed,business,0,2,0,25,1,card,0
428,6584,45,477,29333,employed,education,6,0,3,261,3,card,0
429,9927,50,422,45535,employed,education,4,1,4,48,0,card,0
430,7521,21,641,104023,self_employed,emergency,5,0,1,52,4,bank_transfer,1
431,4552,63,470,90940,employed,business,4,0,0,330,4,bank_transfer,0
432,5981,51,358,48700,unemployed,medical,3,2,1,149,3,bank_transfer,1
433,6765,65,764,98583,employed,medical,7,1,7,99,3,card,1
434,2949,20,559,56516,self_employed,emergency,1,2,9,67,1,card,1
435,7490,43,672,30577,employed,business,5,1,5,210,4,card,1
436,7005,25,394,104834,self_employed,shopping,2,4,9,248,0,bank_transfer,1
437,2589,23,424,30015,self_employed,travel,5,3,1,119,4,paypal,1
438,9923,33,340,106104,self_employed,emergency,3,3,8,228,3,bank_transfer,1
439,9307,41,553,106740,student,education,5,2,7,103,3,paypal,1
440,9640,65,306,112284,student,emergency,3,1,3,289,1,crypto,0
441,4711,56,770,106803,employed,travel,5,0,9,240,0,bank_transfer,0
442,2939,47,810,36236,employed,emergency,3,3,6,232,3,card,1
443,8627,62,368,113151,self_employed,business,6,2,2,290,5,card,1
444,5978,30,380,81640,employed,education,0,2,5,154,0,card,1
445,9187,22,841,98190,employed,travel,4,2,2,170,4,crypto,1
446,6403,42,561,60704,self_employed,medical,7,1,9,159,1,card,0
447,951,37,388,57369,employed,shopping,5,2,2,113,4,card,1
448,1787,35,507,18646,employed,emergency,1,4,8,51,5,paypal,1
449,6933,64,512,102007,student,emergency,0,0,5,36,3,card,1
450,2527,35,565,40906,employed,travel,3,2,7,13,3,bank_transfer,1
451,9860,19,592,101643,employed,shopping,1,1,3,341,0,bank_transfer,0
452,4100,27,506,62728,employed,emergency,0,0,3,218,3,paypal,1
453,5152,62,632,29878,student,medical,7,0,7,243,5,paypal,1
454,2838,67,376,24145,unemployed,travel,2,3,6,223,0,paypal,1
455,5832,64,587,103578,self_employed,business,5,2,4,208,5,bank_transfer,1
456,5487,29,346,33226,employed,education,5,2,1,269,2,card,0
457,8102,64,499,17802,unemployed,medical,3,1,5,222,3,bank_transfer,1
458,5636,30,726,39119,self_employed,shopping,0,4,0,288,4,paypal,1
459,4013,67,509,78560,student,shopping,7,4,6,12,4,card,1
460,1166,64,719,72353,student,medical,0,3,8,187,0,card,1
461,7823,28,453,107721,employed,business,3,4,4,169,5,card,1
462,4480,36,821,77126,employed,emergency,2,1,4,293,5,bank_transfer,0
463,4207,52,714,86641,employed,business,5,3,6,324,5,card,1
464,5826,56,652,66712,employed,emergency,4,2,4,106,5,bank_transfer,1
465,3473,43,456,67189,student,emergency,2,4,9,176,2,card,1
466,9045,63,560,72784,student,shopping,3,1,3,349,3,card,0
467,2182,31,376,83285,self_employed,emergency,4,1,0,41,5,card,1
468,9067,62,787,57949,employed,medical,0,2,5,312,1,bank_transfer,1
469,6848,61,430,49129,employed,emergency,6,1,8,325,1,card,1
470,9917,41,754,39512,employed,medical,7,3,3,249,4,card,1
471,517,58,462,117077,employed,education,6,3,9,267,3,paypal,1
472,8406,18,314,94031,employed,shopping,7,0,3,222,1,paypal,0
473,8908,68,531,78554,self_employed,business,2,2,4,113,0,paypal,1
474,4074,60,494,17064,employed,travel,6,1,5,284,3,bank_transfer,1
475,3367,39,841,110614,unemployed,business,2,4,2,278,4,paypal,1
476,925,40,658,66567,employed,business,6,3,8,203,2,bank_transfer,1
477,7768,36,630,45011,student,travel,7,2,0,341,0,crypto,1
478,5845,35,726,86152,employed,shopping,5,2,5,262,0,card,1
479,9808,29,796,88511,employed,emergency,6,3,5,282,5,card,1
480,512,45,785,25960,student,education,7,0,7,144,3,card,1
481,7643,45,748,108528,self_employed,business,5,2,4,243,2,paypal,0
482,7687,50,712,73920,employed,emergency,4,1,8,270,0,bank_transfer,1
483,828,36,629,36387,employed,business,0,4,8,35,2,card,1
484,7264,45,446,30324,employed,shopping,2,4,1,298,4,bank_transfer,1
485,8967,69,558,78960,self_employed,shopping,4,3,4,53,0,paypal,1
486,6088,66,591,86779,unemployed,medical,2,2,6,356,1,paypal,1
487,2604,54,442,47628,employed,shopping,6,4,1,150,4,bank_transfer,1
488,3067,43,664,90096,employed,shopping,5,2,6,13,4,bank_transfer,1
489,2886,52,389,62452,unemployed,business,0,3,8,267,5,card,1
490,1222,51,463,56098,employed,education,6,0,7,97,0,bank_transfer,1
491,4179,52,780,85459,self_employed,business,0,4,9,86,1,paypal,1
492,1671,57,383,54235,employed,emergency,1,1,8,309,2,bank_transfer,1
493,5173,33,376,101861,self_employed,shopping,4,3,3,265,1,bank_transfer,1
494,5204,55,816,42949,employed,medical,5,0,7,71,4,card,1
495,2243,30,784,37821,employed,education,5,1,8,17,0,card,0
496,9979,40,403,86612,employed,medical,5,1,9,189,1,card,1
497,6906,39,751,37032,self_employed,travel,6,4,1,10,1,bank_transfer,0
498,7457,33,786,88537,self_employed,medical,3,2,9,166,4,bank_transfer,1
499,3540,45,638,30303,self_employed,medical,2,3,2,39,2,paypal,0
500,3866,65,777,96993,self_employed,emergency,0,1,0,345,1,bank_transfer,0
501,5744,52,522,27303,employed,shopping,2,4,0,219,5,card,1
502,3014,62,308,65701,employed,emergency,2,0,9,94,1,card,1
503,5068,63,352,65511,student,shopping,3,1,5,158,3,paypal,1
504,6017,25,376,95664,employed,emergency,0,0,0,363,4,bank_transfer,1
505,8887,61,802,33280,employed,shopping,1,3,4,34,3,bank_transfer,1
506,828,39,615,54427,employed,shopping,5,4,5,289,4,bank_transfer,1
507,1465,38,464,112180,employed,shopping,4,0,8,12,4,card,1
508,4592,43,578,118550,employed,medical,2,2,5,233,3,card,1
509,798,57,326,21967,student,travel,3,0,3,87,2,card,0
510,7286,38,369,21661,unemployed,shopping,3,0,0,93,2,card,0
511,495,42,517,92952,student,travel,4,4,5,107,4,bank_transfer,1
512,7500,58,664,81046,unemployed,travel,4,4,6,193,3,bank_transfer,1
513,8182,18,605,50200,unemployed,business,6,1,4,10,1,crypto,0
514,4271,23,423,82442,employed,business,7,0,5,125,4,paypal,1
515,4460,40,318,76671,employed,education,0,0,9,275,5,bank_transfer,1
516,2602,68,556,106070,student,emergency,2,4,7,279,4,bank_transfer,1
517,817,40,595,73168,employed,business,2,2,0,128,0,bank_transfer,0
518,2882,60,321,63322,employed,shopping,4,4,7,341,2,card,1
519,5046,60,749,96984,employed,travel,7,2,1,185,3,crypto,1
520,5586,40,849,52696,employed,emergency,5,4,1,363,1,bank_transfer,0
521,8435,49,347,85246,employed,education,6,3,7,355,5,paypal,1
522,5080,47,482,53892,employed,business,1,0,1,59,1,crypto,1
523,7366,30,734,30583,employed,medical,2,2,7,182,5,bank_transfer,1
524,4591,60,406,97720,student,emergency,3,3,4,74,4,card,1
525,7292,35,487,70215,self_employed,education,5,2,8,2,1,bank_transfer,1
526,5688,40,385,39853,student,shopping,4,1,8,243,1,bank_transfer,0
527,7751,32,755,21109,employed,emergency,2,1,7,228,4,bank_transfer,1
528,3736,50,436,74757,employed,travel,0,0,8,48,2,card,0
529,1267,38,635,21659,self_employed,shopping,4,3,6,6,0,bank_transfer,1
530,1162,56,768,16238,employed,shopping,3,3,7,43,2,paypal,1
531,2256,40,702,30064,self_employed,emergency,0,1,5,145,2,crypto,0
532,7960,44,839,46115,student,medical,6,0,8,127,0,card,0
533,5261,62,371,46952,student,medical,4,1,1,335,4,paypal,1
534,5405,61,323,20620,unemployed,emergency,4,3,2,246,2,card,1
535,6641,35,784,114790,employed,emergency,2,2,1,121,3,paypal,1
536,4829,41,355,117985,employed,emergency,0,3,5,232,3,card,1
537,9448,68,522,59258,self_employed,travel,7,0,2,189,0,crypto,0
538,7430,64,478,19470,employed,business,6,3,0,285,3,bank_transfer,1
539,5434,57,733,37003,employed,shopping,7,4,3,242,4,card,1
540,9024,68,749,42571,employed,emergency,4,3,4,78,1,card,1
541,4430,59,791,39668,employed,business,5,4,3,58,4,card,1
542,8110,24,488,92259,employed,travel,7,1,5,181,0,bank_transfer,1
543,6901,67,719,111576,employed,shopping,3,4,2,70,1,paypal,0
544,4946,65,548,47046,self_employed,business,0,3,9,265,3,bank_transfer,1
545,6831,37,463,85977,self_employed,shopping,5,3,5,204,2,paypal,1
546,7341,44,554,92255,self_employed,medical,2,3,9,170,3,bank_transfer,1
547,1053,23,775,20397,self_employed,emergency,1,0,0,295,4,crypto,0
548,2639,44,716,114925,employed,medical,6,1,5,247,4,bank_transfer,0
549,7156,26,469,98481,employed,education,4,4,7,59,0,card,1
550,1642,62,616,37233,employed,travel,1,2,9,300,2,bank_transfer,1
551,5393,48,473,98336,student,emergency,4,4,7,321,2,card,1
552,1291,38,769,75308,self_employed,business,7,3,0,11,1,crypto,0
553,6413,43,644,84726,employed,shopping,5,2,6,347,1,card,1
554,7038,57,744,78219,employed,education,2,2,9,340,4,card,1
555,2781,65,317,118358,unemployed,travel,7,4,9,5,0,card,1
556,9509,62,369,16130,self_employed,travel,2,4,3,205,4,bank_transfer,1
557,1640,30,637,29071,student,travel,7,4,5,245,5,card,1
558,6272,66,826,100517,employed,business,2,4,5,249,2,crypto,1
559,5641,40,755,17118,employed,emergency,2,1,4,105,2,card,0
560,9680,37,568,15663,student,medical,0,0,9,242,4,card,1
561,1465,54,487,77408,self_employed,education,7,0,8,272,2,card,1
562,8791,45,828,66786,self_employed,business,0,4,9,7,1,card,1
563,9972,34,733,96271,self_employed,shopping,4,0,7,224,2,card,0
564,8802,45,587,34158,self_employed,business,0,4,5,217,1,card,1
565,7594,58,798,46087,self_employed,shopping,4,4,3,44,3,card,1
566,4412,19,740,103114,employed,shopping,6,4,3,26,0,card,0
567,1424,42,602,68121,employed,travel,0,1,8,292,0,card,0
568,9447,67,386,34874,student,business,0,3,3,181,2,bank_transfer,1
569,3241,58,737,98443,employed,medical,0,0,6,92,0,card,0
570,7519,23,840,55821,employed,shopping,6,0,5,268,5,card,1
571,3586,28,321,75582,self_employed,travel,3,1,1,346,3,card,0
572,1910,55,816,37787,unemployed,medical,6,1,4,68,2,bank_transfer,0
573,6688,23,802,79703,employed,business,2,4,2,364,1,card,0
574,3023,62,766,36705,employed,medical,6,4,8,151,3,bank_transfer,1
575,5401,28,400,84381,student,business,3,3,9,104,5,crypto,1
576,4286,31,440,119605,student,shopping,0,0,0,88,3,card,0
577,9005,19,437,59653,self_employed,education,0,1,9,95,0,card,0
578,6077,57,527,97018,employed,education,3,3,3,286,5,card,1
579,4368,20,580,115592,employed,emergency,7,0,3,319,1,card,0
580,4848,52,730,106626,self_employed,emergency,5,3,8,3,4,card,1
581,4949,50,339,101217,student,shopping,4,3,0,208,3,bank_transfer,1
582,9535,41,818,47252,student,medical,2,4,1,102,0,paypal,0
583,3809,36,510,88332,employed,business,6,3,0,348,3,card,1
584,9373,35,601,87799,employed,education,4,4,0,177,1,card,0
585,6719,66,385,77185,employed,business,7,0,0,304,1,bank_transfer,0
586,8747,69,696,93313,unemployed,shopping,5,0,2,199,2,card,0
587,9186,41,552,56538,self_employed,medical,2,4,3,8,4,card,1
588,9676,62,832,35343,employed,business,1,2,9,245,4,bank_transfer,1
589,3172,52,680,95398,employed,medical,2,3,1,293,0,card,0
590,6630,18,743,56232,self_employed,education,6,0,0,327,4,paypal,0
591,604,53,332,118185,employed,business,4,3,4,178,1,card,1
592,1314,42,559,68106,student,travel,2,2,5,82,4,bank_transfer,1
593,1631,62,533,96227,student,education,1,3,1,112,0,bank_transfer,1
594,7676,66,814,68079,employed,medical,1,2,2,359,3,card,1
595,923,60,607,40028,employed,shopping,0,1,9,21,4,card,1
596,1028,51,369,57135,student,travel,6,2,2,34,4,card,1
597,5129,42,753,46066,employed,emergency,1,0,1,255,1,paypal,0
598,233,33,738,113717,employed,business,3,4,3,27,1,bank_transfer,0
599,2205,51,663,98470,unemployed,emergency,4,4,4,8,3,card,1
600,3727,46,780,35910,student,education,3,3,7,18,5,bank_transfer,1
601,6416,36,443,22141,student,business,5,1,5,233,5,bank_transfer,1
602,1952,40,323,60950,employed,business,3,3,8,307,2,crypto,1
603,5010,36,724,70723,employed,travel,4,2,2,191,4,card,0
604,4275,42,474,31225,employed,travel,7,4,9,150,1,paypal,1
605,5448,33,624,115250,employed,travel,5,2,8,156,2,card,1
606,9542,68,647,102123,student,travel,3,4,3,47,4,paypal,1
607,6290,26,317,47959,employed,shopping,7,4,7,312,4,card,1
608,1356,18,343,64192,self_employed,medical,3,4,9,139,2,card,1
609,3476,59,454,94711,employed,travel,6,0,6,142,1,paypal,1
610,5745,36,676,25051,employed,education,5,2,6,335,3,paypal,1
611,3586,50,701,86428,unemployed,business,3,3,8,14,5,card,1
612,3684,51,524,18449,employed,emergency,1,1,9,356,4,bank_transfer,1
613,9688,33,516,56095,employed,travel,7,3,1,259,0,card,1
614,8153,61,330,119213,employed,education,4,2,4,236,0,card,1
615,3430,57,358,92929,employed,shopping,4,1,2,7,0,card,0
616,2803,35,652,44190,employed,education,4,3,6,39,3,card,1
617,8762,51,744,115245,employed,emergency,3,1,2,185,5,bank_transfer,1
618,8220,42,534,112069,self_employed,emergency,1,2,4,115,4,card,1
619,7214,62,406,41141,student,education,4,4,4,110,1,card,1
620,1453,23,490,117525,employed,shopping,2,2,1,65,1,paypal,0
621,5163,38,829,38908,employed,emergency,4,0,0,231,5,card,0
622,8649,23,544,119847,self_employed,shopping,0,1,5,281,3,bank_transfer,1
623,7675,49,375,47322,employed,business,2,2,0,31,5,paypal,1
624,767,58,846,65710,self_employed,travel,4,4,8,86,4,card,1
625,4568,65,566,29012,self_employed,emergency,3,4,9,138,2,card,1
626,9437,60,616,49889,employed,education,7,2,4,77,2,bank_transfer,0
627,6919,56,420,32412,student,medical,4,3,0,137,4,bank_transfer,1
628,3819,48,324,111150,unemployed,medical,1,2,7,122,4,bank_transfer,1
629,2845,59,731,39657,student,business,1,4,0,264,1,bank_transfer,0
630,7583,27,459,20656,employed,medical,4,2,3,97,3,paypal,1
631,639,47,413,23967,self_employed,business,6,0,6,19,3,card,1
632,5064,69,801,99958,unemployed,travel,3,3,3,286,5,bank_transfer,1
633,4935,35,465,30764,employed,business,3,2,4,9,1,card,1
634,3875,41,474,30873,student,shopping,3,4,6,83,0,card,1
635,6142,69,300,109485,employed,shopping,4,2,3,47,2,card,1
636,7202,26,385,66030,employed,shopping,7,2,4,90,4,card,1
637,7412,48,619,82807,student,emergency,4,1,6,1,5,paypal,1
638,5420,32,700,16607,student,shopping,0,2,0,162,2,card,0
639,6232,21,681,34523,student,shopping,1,0,2,153,2,card,0
640,7991,57,617,63447,unemployed,shopping,6,4,0,1,5,card,1
641,2879,26,549,64757,employed,shopping,2,1,2,146,3,card,0
642,1024,62,824,108526,employed,emergency,2,2,1,161,1,bank_transfer,1
643,1681,26,555,84201,unemployed,shopping,7,3,4,135,0,bank_transfer,0
644,7814,43,606,96844,employed,shopping,1,0,9,286,0,paypal,0
645,3424,21,443,86388,self_employed,travel,5,0,4,77,5,bank_transfer,0
646,5813,34,690,20462,employed,emergency,0,0,9,81,5,bank_transfer,1
647,7126,33,468,46795,employed,shopping,1,1,8,269,1,card,0
648,355,32,597,84806,employed,business,0,2,7,269,2,bank_transfer,1
649,4904,52,532,63465,employed,travel,5,0,2,42,1,card,0
650,1938,69,570,76109,student,emergency,0,2,0,124,1,crypto,0
651,109,22,359,105027,self_employed,medical,3,3,4,230,4,crypto,1
652,2971,22,595,65528,self_employed,education,1,2,2,357,4,paypal,0
653,9089,37,766,51230,employed,emergency,2,2,4,202,2,card,1
654,7509,32,534,63242,employed,travel,4,2,8,334,3,card,1
655,7518,35,533,80883,employed,shopping,5,4,0,107,0,paypal,1
656,5224,64,667,113366,employed,travel,5,1,0,292,4,bank_transfer,0
657,1115,19,531,16783,employed,education,4,2,8,291,2,bank_transfer,1
658,2293,46,790,43390,employed,education,1,0,2,174,5,card,0
659,8515,30,802,23417,employed,emergency,6,4,9,312,1,paypal,1
660,7549,21,680,87102,employed,shopping,4,2,4,87,4,bank_transfer,1
661,4258,59,727,32426,employed,shopping,0,4,8,5,1,card,1
662,4025,62,663,45750,self_employed,business,4,1,4,172,1,paypal,0
663,7070,27,501,73188,employed,education,0,4,2,121,4,card,1
664,7038,48,445,25872,employed,shopping,0,0,8,156,2,bank_transfer,1
665,4884,58,756,109231,unemployed,education,2,2,6,87,5,bank_transfer,1
666,4100,25,434,63086,employed,business,4,0,6,98,0,bank_transfer,1
667,1733,20,563,81770,student,medical,6,3,7,135,2,card,1
668,7366,65,363,115288,employed,education,2,4,4,7,3,bank_transfer,1
669,8802,63,790,109368,student,business,6,4,1,260,3,bank_transfer,1
670,484,26,340,98514,employed,business,4,4,8,364,0,bank_transfer,1
671,504,47,595,103177,student,business,6,1,2,32,5,paypal,0
672,8275,28,302,107663,employed,travel,0,0,1,28,3,card,0
673,2100,52,409,49720,self_employed,emergency,6,3,9,260,1,paypal,1
674,9960,54,520,33079,employed,shopping,4,1,9,244,3,card,1
675,6089,59,669,32338,employed,education,5,1,4,264,4,bank_transfer,0
676,1560,30,667,18291,student,emergency,5,2,7,142,1,card,1
677,7290,53,735,89084,employed,travel,2,3,2,30,2,card,0
678,7240,30,303,114272,unemployed,education,7,4,5,130,5,bank_transfer,1
679,3736,29,543,64393,employed,emergency,3,4,8,266,0,card,1
680,4909,54,465,108558,employed,travel,5,2,1,70,4,crypto,1
681,4278,27,325,84770,self_employed,shopping,6,4,7,119,4,card,1
682,7345,26,694,41720,employed,business,2,0,9,327,0,paypal,0
683,6700,69,773,28368,employed,emergency,6,4,6,70,3,bank_transfer,1
684,6097,24,316,69313,student,emergency,3,0,2,208,0,bank_transfer,0
685,2148,19,391,62969,student,education,1,2,0,91,0,card,1
686,4880,40,782,63838,unemployed,business,2,2,5,120,3,card,1
687,816,56,842,23734,employed,shopping,5,0,1,207,2,card,0
688,8039,57,504,114329,employed,education,5,4,2,256,5,bank_transfer,1
689,5665,56,801,27197,employed,medical,4,2,4,35,0,bank_transfer,0
690,4644,38,699,83895,employed,medical,3,2,7,124,3,bank_transfer,1
691,5076,40,506,118561,student,medical,5,0,1,112,4,paypal,0
692,3519,46,445,71831,employed,shopping,4,2,5,207,0,bank_transfer,1
693,7339,31,400,116255,employed,medical,3,4,0,102,5,card,1
694,9866,43,540,73073,employed,emergency,2,2,6,194,0,card,1
695,349,68,462,87925,self_employed,education,2,0,3,241,2,paypal,0
696,8965,22,472,95488,unemployed,emergency,4,4,0,147,2,card,1
697,870,48,801,109611,self_employed,medical,2,3,8,132,4,bank_transfer,1
698,4463,42,846,99475,employed,education,4,0,8,220,2,card,0
699,1177,48,583,65302,student,emergency,0,3,2,338,5,card,1
700,8527,67,658,30624,self_employed,shopping,6,2,5,104,4,bank_transfer,1
701,8680,37,680,82271,employed,business,3,4,6,41,0,bank_transfer,1
702,8001,61,832,39315,employed,emergency,4,2,3,56,3,bank_transfer,1
703,4958,34,462,32422,employed,travel,3,4,5,311,2,bank_transfer,1
704,6644,62,606,54137,employed,medical,7,1,8,250,4,card,0
705,4819,19,638,87663,student,travel,0,2,9,242,2,card,1
706,2914,42,354,116216,employed,business,3,2,5,127,2,bank_transfer,1
707,3474,30,632,63232,employed,shopping,4,2,6,150,1,bank_transfer,1
708,1352,56,426,93142,unemployed,emergency,6,0,5,331,0,card,1
709,7096,45,542,47743,student,shopping,6,4,6,336,2,bank_transfer,1
710,4773,59,708,114546,self_employed,business,2,4,0,149,3,bank_transfer,1
711,4630,23,802,30636,employed,travel,6,4,5,169,5,card,1
712,6981,20,602,105884,employed,emergency,6,0,8,45,1,bank_transfer,1
713,7049,52,763,25108,employed,medical,7,4,2,84,4,bank_transfer,1
714,9621,35,534,88634,employed,education,3,2,5,8,4,card,1
715,6341,28,337,51180,employed,shopping,3,3,3,107,3,bank_transfer,1
716,8117,37,438,33883,self_employed,business,5,1,6,265,3,bank_transfer,1
717,7041,22,494,59400,employed,emergency,5,4,6,146,5,paypal,1
718,9650,36,826,60999,employed,travel,0,0,8,31,0,bank_transfer,0
719,7102,39,300,62951,employed,medical,1,0,3,244,3,card,1
720,1431,36,395,22160,self_employed,travel,6,4,7,35,4,card,1
721,4361,64,712,70262,self_employed,medical,2,3,7,247,0,paypal,1
722,7748,33,837,34929,self_employed,emergency,6,4,7,18,3,paypal,1
723,9650,41,728,98133,employed,education,4,0,7,24,3,card,1
724,5215,58,534,26123,employed,education,0,1,5,342,4,card,1
725,4737,21,648,43357,employed,business,4,3,7,304,0,bank_transfer,1
726,4954,32,780,85496,employed,business,4,4,5,316,1,bank_transfer,1
727,3277,42,695,48556,student,medical,3,1,9,349,1,card,0
728,7830,61,650,98791,unemployed,medical,0,4,1,278,5,bank_transfer,1
729,2280,52,715,76934,self_employed,medical,0,3,2,30,0,card,0
730,4992,31,350,93886,unemployed,medical,5,0,5,143,3,card,1
731,7143,66,380,45881,self_employed,emergency,7,3,6,277,3,card,1
732,237,36,335,33409,employed,emergency,2,2,3,356,0,bank_transfer,1
733,6427,55,366,70416,unemployed,education,1,4,0,12,1,paypal,1
734,3572,53,780,113171,employed,business,4,1,3,203,5,bank_transfer,0
735,5549,24,767,82982,self_employed,business,6,1,5,250,2,card,0
736,2932,47,441,45657,employed,shopping,2,3,7,103,4,paypal,1
737,3679,36,655,101743,employed,business,6,3,3,35,0,card,0
738,6071,66,770,63951,self_employed,business,5,3,9,324,5,bank_transfer,1
739,4264,42,738,23752,employed,travel,7,1,0,20,2,bank_transfer,0
740,8041,33,830,28440,employed,travel,7,0,4,47,4,card,0
741,5669,64,426,59864,employed,shopping,2,1,6,84,2,card,1
742,4400,57,504,64691,employed,medical,4,0,5,268,2,paypal,0
743,6369,68,328,87035,unemployed,shopping,3,3,2,53,4,bank_transfer,1
744,3918,25,744,101675,student,shopping,3,2,6,273,2,card,1
745,2006,35,763,95303,employed,education,4,1,3,18,1,paypal,0
746,6354,45,579,37343,employed,emergency,5,3,4,104,5,card,1
747,860,33,450,108248,student,business,5,1,6,152,0,card,0
748,7930,69,539,34673,employed,education,0,3,1,328,5,bank_transfer,1
749,7450,36,565,74954,employed,emergency,1,1,3,165,1,bank_transfer,0
750,6338,59,404,69698,employed,business,6,4,3,361,1,card,1
751,6190,34,732,110024,student,shopping,3,1,5,84,4,card,1
752,6131,62,796,41520,employed,business,1,4,6,308,4,bank_transfer,1
753,7787,30,739,30784,employed,medical,2,0,3,151,4,bank_transfer,0
754,9191,24,457,53079,employed,medical,6,1,9,37,2,paypal,1
755,8572,44,471,59220,employed,shopping,6,0,0,353,2,bank_transfer,0
756,1987,27,793,35491,self_employed,travel,6,2,0,152,0,bank_transfer,0
757,3366,51,610,63720,employed,medical,2,4,4,356,2,card,0
758,766,53,702,115804,employed,shopping,4,1,0,208,0,paypal,0
759,4288,42,762,29718,employed,education,7,0,2,50,1,card,0
760,771,23,666,50597,employed,travel,7,3,8,220,0,bank_transfer,1
761,6877,41,849,76217,student,medical,4,0,2,47,0,paypal,0
762,7670,35,554,113351,student,shopping,4,1,2,18,4,paypal,0
763,8056,40,507,115668,employed,shopping,6,2,8,122,2,bank_transfer,1
764,5224,23,749,41832,employed,education,5,4,4,282,3,bank_transfer,0
765,5685,46,394,69818,employed,education,3,3,7,120,3,paypal,1
766,4877,42,777,112398,self_employed,travel,1,0,9,251,4,paypal,1
767,4000,34,489,27864,self_employed,emergency,7,1,8,327,5,bank_transfer,1
768,6777,63,783,103378,employed,medical,2,1,5,299,5,bank_transfer,0
769,7081,41,835,23177,self_employed,shopping,1,4,6,47,5,card,1
770,6476,28,722,61115,self_employed,travel,7,3,6,85,1,bank_transfer,1
771,623,43,432,71210,unemployed,travel,3,0,6,299,1,card,1
772,2493,68,354,66954,employed,education,6,0,3,160,1,card,0
773,2693,51,809,26844,employed,shopping,1,0,1,7,0,bank_transfer,0
774,7340,45,840,89130,employed,business,6,4,1,245,2,card,1
775,7037,20,709,28418,student,emergency,1,4,6,215,1,card,1
776,6290,28,510,49854,student,emergency,5,3,9,212,3,card,1
777,5340,55,592,103644,self_employed,education,7,0,6,212,0,card,0
778,6593,31,414,90955,employed,shopping,4,0,9,288,1,card,1
779,2978,68,558,103075,employed,travel,5,3,6,218,1,paypal,1
780,4243,43,421,58950,employed,emergency,5,3,7,251,5,bank_transfer,1
781,3744,65,598,80227,self_employed,travel,6,3,2,344,5,card,1
782,4532,38,680,27835,employed,medical,1,1,4,321,2,card,0
783,1376,56,800,32533,employed,business,1,3,5,314,2,bank_transfer,1
784,5911,47,596,110051,self_employed,education,5,2,7,181,0,bank_transfer,1
785,402,25,661,116457,employed,emergency,1,4,7,92,3,bank_transfer,1
786,738,68,762,102858,employed,medical,5,3,9,218,4,card,1
787,155,37,737,25223,employed,medical,0,1,2,290,5,card,0
788,8817,65,426,25273,student,business,7,2,3,90,3,card,1
789,8250,49,496,48519,self_employed,education,5,1,5,197,5,bank_transfer,1
790,2225,39,520,39160,unemployed,education,2,1,3,184,2,bank_transfer,0
791,464,24,390,89385,employed,travel,2,1,9,66,2,paypal,0
792,6909,26,710,106192,unemployed,education,1,1,3,98,4,card,0
793,4721,62,307,63988,student,medical,5,0,4,306,3,bank_transfer,0
794,5226,18,843,25348,self_employed,travel,5,4,9,24,3,crypto,1
795,5222,46,767,98460,unemployed,education,4,0,6,220,4,bank_transfer,1
796,1746,25,619,119471,employed,business,7,2,1,174,2,bank_transfer,0
797,1018,21,693,119668,employed,medical,6,0,1,245,0,paypal,0
798,2897,52,568,82519,employed,shopping,4,2,9,114,3,card,1
799,6606,20,490,105426,self_employed,business,4,3,8,266,1,card,1
800,5970,62,360,29629,self_employed,business,5,2,3,354,3,crypto,1
801,1631,57,737,64056,student,education,7,0,4,223,3,bank_transfer,0
802,8272,24,563,26273,employed,travel,5,0,2,308,3,bank_transfer,0
803,3445,44,394,112275,employed,travel,2,2,1,235,2,paypal,0
804,7773,18,769,55416,employed,medical,3,0,9,306,1,card,0
805,7049,44,813,22894,self_employed,education,1,2,7,110,3,bank_transfer,1
806,6982,33,493,61073,employed,travel,2,1,3,314,0,bank_transfer,0
807,2006,55,781,60693,unemployed,emergency,4,4,0,13,5,card,1
808,3186,24,635,66466,employed,shopping,2,2,5,125,5,card,1
809,8252,61,734,39343,employed,emergency,2,1,5,315,1,bank_transfer,1
810,5850,40,495,58095,student,education,2,1,1,167,4,card,1
811,9005,58,548,46174,employed,education,7,1,1,53,0,card,0
812,1162,28,797,65801,employed,travel,4,1,7,186,4,card,1
813,2076,59,511,87436,employed,business,3,2,6,276,3,bank_transfer,1
814,1396,50,765,84336,employed,education,0,0,1,352,2,paypal,0
815,6329,67,520,115782,unemployed,business,1,1,9,10,3,bank_transfer,1
816,7741,53,572,57926,self_employed,medical,1,3,0,147,3,card,1
817,225,54,453,87590,employed,medical,6,1,7,317,4,crypto,1
818,4732,58,548,53827,self_employed,travel,2,0,9,333,3,card,1
819,6388,34,578,59775,employed,medical,3,0,1,118,0,card,0
820,3696,52,739,56201,student,emergency,4,4,4,340,2,card,0
821,6268,65,575,44373,unemployed,emergency,0,4,5,18,4,card,1
822,9895,22,813,42525,student,emergency,0,1,9,226,1,card,1
823,7661,65,387,119513,employed,travel,2,1,0,112,5,card,1
824,8358,49,804,87651,employed,travel,2,4,1,72,3,card,1
825,332,20,540,111643,employed,emergency,4,1,9,144,5,bank_transfer,1
826,9461,69,535,45486,self_employed,business,6,3,3,104,4,card,1
827,6471,64,427,93604,employed,emergency,4,2,1,215,5,bank_transfer,1
828,4306,52,802,33640,employed,business,7,4,5,77,3,bank_transfer,1
829,9785,69,499,112694,unemployed,medical,5,4,3,26,3,card,1
830,8043,31,842,76455,employed,business,4,0,2,230,4,paypal,0
831,6991,65,801,51136,employed,education,2,1,5,193,0,bank_transfer,0
832,6838,48,791,77425,employed,shopping,3,4,8,103,1,card,1
833,2572,48,320,71539,employed,education,2,4,7,205,3,card,1
834,2839,34,533,96664,employed,education,6,3,1,260,0,bank_transfer,0
835,5501,41,715,39942,employed,travel,2,1,2,233,3,bank_transfer,0
836,1861,69,447,83363,employed,shopping,0,2,1,51,3,bank_transfer,1
837,976,40,328,73596,employed,travel,7,3,9,131,0,card,1
838,3912,35,660,96526,student,business,4,2,6,343,3,bank_transfer,1
839,9604,67,607,50255,employed,emergency,1,0,8,66,1,bank_transfer,1
840,1560,31,461,77129,self_employed,business,4,4,0,202,5,paypal,1
841,1833,67,360,100523,employed,shopping,5,3,2,284,4,bank_transfer,1
842,1705,32,424,77286,employed,medical,3,2,5,300,5,card,1
843,5722,32,755,101437,unemployed,business,3,1,3,146,0,card,0
844,6867,23,370,31277,employed,education,4,0,9,258,5,card,1
845,7086,44,765,16643,employed,shopping,4,0,9,312,2,bank_transfer,1
846,3617,32,542,38729,student,shopping,2,4,0,104,3,card,1
847,3835,67,789,101623,self_employed,business,1,4,8,151,4,bank_transfer,1
848,9452,53,520,36818,employed,business,6,2,6,118,1,bank_transfer,1
849,8534,25,772,80555,employed,travel,2,2,6,316,1,card,1
850,2690,32,832,113979,self_employed,travel,7,0,0,199,2,bank_transfer,0
851,1163,20,793,68629,student,education,0,2,8,303,5,bank_transfer,1
852,4424,64,381,70438,employed,shopping,7,4,7,334,1,card,1
853,9211,30,821,24457,employed,medical,0,0,9,279,5,paypal,1
854,5442,58,311,74629,employed,medical,7,0,4,105,4,bank_transfer,0
855,105,51,562,48922,employed,shopping,3,1,3,10,2,card,0
856,7589,41,748,24820,employed,education,3,1,0,113,5,paypal,0
857,8759,57,491,47750,employed,travel,1,2,8,27,0,bank_transfer,1
858,8295,49,413,117020,employed,travel,3,2,7,99,5,bank_transfer,1
859,6066,49,325,118546,employed,travel,5,4,1,257,5,bank_transfer,1
860,8937,47,798,52790,unemployed,medical,7,4,3,327,2,card,1
861,217,69,807,103405,employed,medical,0,1,3,136,0,card,0
862,2651,66,844,49421,employed,education,1,0,6,226,1,bank_transfer,0
863,5660,30,361,83038,employed,medical,0,3,2,127,4,card,1
864,4389,18,528,97201,unemployed,business,4,3,7,116,5,paypal,1
865,946,51,334,77325,student,medical,4,2,6,290,3,card,1
866,6416,32,755,40600,student,travel,1,3,9,171,2,bank_transfer,1
867,6569,61,801,44394,employed,education,2,3,3,212,1,bank_transfer,1
868,9433,31,324,94622,student,shopping,5,1,8,189,5,bank_transfer,1
869,9015,46,331,51171,employed,shopping,6,0,5,265,4,bank_transfer,1
870,324,51,311,114539,employed,education,5,4,2,214,3,bank_transfer,1
871,4308,35,618,76526,self_employed,business,7,1,6,89,2,card,0
872,6383,24,300,28149,student,shopping,6,4,5,130,4,card,1
873,2148,46,734,45394,student,travel,3,1,7,23,1,paypal,0
874,6333,48,435,29396,student,shopping,6,1,4,179,5,paypal,0
875,9865,42,495,38324,unemployed,shopping,1,3,5,20,5,card,1
876,1928,55,432,62198,employed,travel,5,4,0,329,5,card,1
877,2017,31,385,97705,employed,medical,6,1,7,242,2,card,0
878,4334,25,775,106779,employed,business,3,3,0,240,5,paypal,1
879,7088,44,623,46016,student,travel,0,2,2,29,2,card,1
880,2126,19,479,18194,employed,travel,6,4,1,245,5,card,1
881,3844,34,815,47398,student,emergency,2,1,5,120,0,card,0
882,9193,54,474,19789,employed,education,3,2,7,314,5,bank_transfer,1
883,109,31,320,100695,employed,business,4,3,7,32,0,paypal,1
884,360,42,404,79967,employed,medical,6,1,6,140,2,card,0
885,6138,47,742,76134,employed,emergency,4,3,6,158,4,card,1
886,9965,46,348,85886,student,travel,0,3,7,60,1,bank_transfer,1
887,2319,37,827,113837,employed,emergency,1,3,4,139,3,card,1
888,7141,38,444,39977,employed,medical,3,4,2,357,0,card,1
889,2160,39,639,116967,employed,emergency,6,2,1,212,1,paypal,0
890,5387,52,653,15129,employed,emergency,6,2,2,139,5,paypal,1
891,1719,54,374,74683,employed,emergency,0,0,2,111,2,crypto,0
892,8612,33,618,60331,employed,travel,6,1,6,336,1,bank_transfer,1
893,1442,67,386,49626,student,travel,4,3,0,251,1,card,0
894,2932,66,341,63503,employed,education,6,1,6,99,5,bank_transfer,1
895,2924,60,392,42549,employed,shopping,7,2,5,178,1,card,1
896,2094,34,806,27342,self_employed,business,6,2,9,1,2,card,1
897,3590,33,828,51417,employed,education,4,3,1,89,0,card,1
898,9410,19,564,91514,employed,medical,4,4,9,113,3,crypto,1
899,8084,21,591,67249,employed,emergency,2,3,0,283,4,bank_transfer,1
900,1704,38,763,67664,employed,travel,2,3,8,116,0,card,1
901,335,56,396,118164,self_employed,emergency,4,0,1,32,3,card,0
902,2008,51,394,23833,employed,travel,5,4,3,262,2,paypal,1
903,8667,47,625,75658,student,business,1,1,8,41,3,paypal,1
904,3630,23,373,114027,unemployed,education,2,4,8,167,2,bank_transfer,1
905,5356,34,635,44473,employed,education,3,3,0,343,3,card,1
906,2735,56,367,15737,employed,medical,2,3,1,221,0,bank_transfer,0
907,8262,42,376,109965,employed,education,3,3,1,214,5,bank_transfer,1
908,9862,22,507,61647,employed,education,2,3,1,313,5,paypal,1
909,2660,22,520,79054,student,shopping,4,3,7,346,5,card,1
910,5515,37,561,16299,student,business,6,4,7,131,2,bank_transfer,0
911,3491,33,709,78281,employed,emergency,3,3,9,48,1,card,1
912,6051,68,630,80875,employed,education,7,2,7,134,5,card,1
913,5568,58,643,47920,employed,medical,6,2,3,7,2,card,0
914,8107,54,373,69836,self_employed,emergency,6,0,7,44,2,paypal,1
915,9164,57,553,57381,student,travel,1,1,6,317,3,card,1
916,9544,26,631,99971,self_employed,education,2,2,7,86,2,card,1
917,6513,22,697,113730,employed,education,2,0,0,48,3,card,0
918,7041,59,644,71298,self_employed,emergency,4,4,2,317,0,paypal,1
919,9606,19,754,39509,employed,travel,3,1,9,353,2,bank_transfer,0
920,4920,26,414,57095,employed,shopping,5,3,5,240,1,card,1
921,2998,60,612,66524,employed,business,4,3,0,152,1,card,0
922,7646,53,527,81909,employed,shopping,6,4,3,258,0,bank_transfer,1
923,177,39,544,87618,self_employed,medical,3,1,8,44,5,card,1
924,7677,39,825,40532,student,emergency,2,2,6,168,1,card,1
925,4327,39,827,75285,employed,education,2,1,0,275,3,bank_transfer,0
926,700,51,726,33866,unemployed,shopping,2,0,5,191,2,card,0
927,1165,46,341,22593,employed,business,2,4,5,152,4,crypto,1
928,2236,55,764,24495,self_employed,medical,7,2,1,50,2,card,0
929,9610,63,577,22837,student,shopping,0,1,5,276,2,card,0
930,7043,50,318,91708,employed,education,2,1,9,313,4,card,1
931,7904,35,365,33680,student,business,2,2,1,306,5,bank_transfer,1
932,6665,24,466,70476,employed,education,5,0,7,95,1,card,1
933,6084,18,702,45346,employed,education,5,0,6,242,1,bank_transfer,0
934,5242,50,708,38412,self_employed,medical,3,1,5,105,2,card,0
935,4770,18,411,103399,student,business,6,3,9,363,1,card,1
936,2290,41,573,45804,student,travel,2,2,5,349,3,paypal,1
937,9284,21,706,80206,self_employed,education,2,0,8,260,3,paypal,1
938,2812,21,672,25934,employed,business,7,0,8,138,4,bank_transfer,1
939,2292,35,338,45723,employed,education,3,0,9,319,2,paypal,1
940,1348,44,404,35405,unemployed,shopping,6,4,9,183,5,card,1
941,4133,60,623,33748,employed,shopping,2,3,1,57,3,card,1
942,2097,49,713,85766,self_employed,business,7,0,2,240,0,card,0
943,3787,50,728,61413,employed,medical,2,3,9,105,1,crypto,1
944,4118,45,360,37354,self_employed,travel,4,1,6,65,5,bank_transfer,1
945,2070,59,606,89490,employed,shopping,0,1,9,140,2,card,0
946,8489,58,653,103675,unemployed,medical,3,4,8,62,3,card,1
947,5865,53,692,32388,self_employed,travel,4,3,5,152,4,card,1
948,1302,23,503,51523,unemployed,shopping,5,2,0,130,3,card,1
949,8235,33,557,116150,employed,travel,6,4,6,126,0,bank_transfer,1
950,5667,51,785,72693,self_employed,emergency,1,0,0,212,3,card,0
951,7767,40,816,50732,self_employed,education,1,1,4,162,2,card,0
952,5842,67,745,56646,self_employed,business,5,1,8,205,4,card,0
953,5888,59,479,36021,unemployed,shopping,0,2,9,29,4,bank_transfer,1
954,5508,41,641,108238,employed,shopping,6,4,9,182,0,bank_transfer,0
955,8769,66,432,116059,employed,education,6,3,8,51,2,card,1
956,9546,30,742,67776,employed,shopping,7,1,0,235,0,bank_transfer,0
957,1022,35,552,34116,employed,shopping,1,0,5,14,0,card,0
958,519,30,564,87009,unemployed,emergency,0,2,2,350,0,card,0
959,2304,66,392,103271,employed,shopping,1,2,8,58,3,paypal,1
960,1220,54,710,114997,employed,shopping,1,2,2,137,1,card,0
961,1050,60,437,91620,employed,shopping,6,0,1,128,3,card,0
962,2436,56,507,59771,employed,medical,7,2,7,37,2,paypal,1
963,5473,59,606,43756,employed,shopping,4,3,2,359,5,card,0
964,2343,34,565,97604,employed,education,6,3,4,268,0,card,0
965,2745,32,617,109452,employed,emergency,1,4,5,85,0,paypal,1
966,4712,35,412,17919,employed,shopping,6,4,9,210,1,card,1
967,1965,40,677,38550,unemployed,travel,5,3,9,139,4,bank_transfer,1
968,6128,68,753,51524,employed,emergency,0,0,0,27,0,card,0
969,7426,47,490,69606,employed,emergency,2,4,6,344,3,bank_transfer,1
970,6471,51,739,83819,unemployed,travel,6,2,6,233,0,bank_transfer,1
971,6459,21,486,85227,student,education,6,3,4,171,2,card,1
972,7963,20,666,38212,unemployed,medical,2,1,8,178,1,bank_transfer,0
973,3328,24,388,55118,unemployed,education,2,0,1,354,5,paypal,0
974,3819,35,486,43602,employed,medical,0,0,4,20,4,card,0
975,2471,59,431,32540,self_employed,business,7,3,1,303,5,paypal,1
976,2991,24,675,50829,employed,travel,0,1,1,264,2,card,0
977,3856,57,398,71309,employed,emergency,2,0,8,197,3,card,1
978,4325,23,333,80403,student,emergency,5,4,6,327,5,crypto,1
979,194,39,470,86455,employed,emergency,1,1,3,64,2,bank_transfer,0
980,2774,18,665,37277,self_employed,travel,2,2,7,44,5,card,1
981,6998,21,358,74673,self_employed,travel,3,4,3,244,0,bank_transfer,1
982,893,63,480,32676,employed,medical,6,1,0,12,1,card,0
983,2216,66,318,57844,student,emergency,0,3,9,361,0,bank_transfer,1
984,5879,69,525,79708,employed,education,3,0,2,260,1,bank_transfer,0
985,6266,67,772,24752,employed,medical,3,4,9,296,3,paypal,1
986,914,60,394,96548,student,emergency,0,3,0,257,2,card,1
987,445,46,596,89711,employed,travel,7,1,1,235,5,card,0
988,8654,38,474,55670,student,travel,6,2,1,247,1,card,1
989,2543,43,521,82603,employed,travel,2,0,6,141,2,card,0
990,7883,31,353,46478,employed,emergency,5,0,3,306,5,paypal,1
991,1084,26,702,41439,student,travel,4,4,9,181,1,paypal,1
992,7890,64,617,49747,self_employed,business,7,3,8,153,0,bank_transfer,1
993,9931,29,648,44810,employed,travel,7,1,1,44,1,bank_transfer,0
994,927,59,742,33302,employed,emergency,3,1,8,109,1,paypal,0
995,3631,68,839,81236,student,medical,2,3,5,98,4,card,1
996,7247,68,581,79467,employed,travel,4,0,9,227,5,card,1
997,4551,23,659,117350,student,shopping,6,3,7,81,5,card,1
998,3976,37,307,49841,employed,business,3,1,6,218,3,paypal,1
999,6059,41,790,59713,self_employed,emergency,2,3,7,149,5,bank_transfer,1
1000,226,44,640,64546,unemployed,travel,3,0,8,76,0,bank_transfer,1
1001,3277,55,771,18048,employed,shopping,7,4,7,80,0,card,1
1002,8895,25,548,48290,self_employed,emergency,2,0,5,52,2,bank_transfer,1
1003,6124,18,534,73906,student,medical,7,2,7,63,1,paypal,1
1004,5209,66,382,91637,student,business,6,2,7,84,1,card,1
1005,4246,66,392,44778,employed,travel,5,3,1,343,5,bank_transfer,1
1006,7296,41,693,42425,self_employed,medical,6,0,1,255,1,card,0
1007,3468,64,567,98388,student,emergency,1,0,0,59,0,bank_transfer,0
1008,3897,24,716,105036,student,shopping,1,1,9,8,4,bank_transfer,1
1009,1892,36,828,73176,student,emergency,6,4,1,307,2,card,1
1010,5832,39,552,27674,employed,emergency,0,0,6,76,1,card,0
1011,3576,52,421,77402,unemployed,business,4,3,2,78,4,card,1
1012,3517,47,309,103731,employed,travel,6,1,3,124,5,paypal,0
1013,1745,46,615,104907,employed,medical,6,1,3,12,3,crypto,0
1014,9497,39,572,48053,employed,business,3,3,3,280,0,bank_transfer,0
1015,3130,28,605,26957,employed,shopping,3,3,1,45,3,card,1
1016,2972,37,509,87644,employed,travel,2,0,5,53,0,bank_transfer,0
1017,3172,46,763,68616,employed,business,4,0,0,181,2,bank_transfer,0
1018,1954,68,715,32829,employed,shopping,7,1,4,234,5,card,0
1019,4121,58,515,20837,self_employed,shopping,3,1,1,186,3,card,0
1020,4762,59,379,79141,employed,medical,4,4,8,293,2,paypal,1
1021,6614,51,779,30032,employed,emergency,6,1,1,75,2,bank_transfer,0
1022,5131,18,846,114770,employed,shopping,4,3,5,198,2,paypal,1
1023,2808,48,317,41352,employed,shopping,1,3,3,79,3,card,1
1024,7212,47,464,45215,employed,emergency,7,4,5,233,3,bank_transfer,1
1025,9624,65,824,71319,self_employed,education,3,2,1,168,3,bank_transfer,1
1026,8493,35,501,89642,unemployed,shopping,3,2,1,23,1,card,1
1027,3607,34,645,56247,student,travel,0,3,6,230,2,paypal,1
1028,6556,55,665,109302,student,business,4,2,2,305,5,crypto,1
1029,4312,31,747,58048,employed,emergency,2,2,2,135,1,paypal,1
1030,8070,40,812,119236,employed,emergency,7,4,6,293,0,bank_transfer,1
1031,8866,42,618,90532,employed,emergency,1,1,7,38,3,bank_transfer,1
1032,636,32,516,81714,student,travel,6,1,6,232,5,bank_transfer,1
1033,1725,63,333,50319,employed,emergency,0,2,2,355,4,paypal,1
1034,8073,39,565,31025,self_employed,travel,1,0,2,168,0,bank_transfer,0
1035,8677,20,379,24780,employed,medical,2,4,6,285,2,card,1
1036,8170,36,712,37706,employed,education,0,2,2,103,2,bank_transfer,0
1037,8766,61,551,57916,unemployed,emergency,1,0,1,145,5,paypal,1
1038,8709,51,311,90503,student,education,2,0,6,243,1,card,1
1039,6590,52,700,45856,student,emergency,5,4,2,148,3,bank_transfer,1
1040,3700,67,581,118166,self_employed,travel,0,1,4,153,5,card,0
1041,6883,18,411,24179,student,business,2,3,6,316,3,paypal,1
1042,9246,69,677,53623,self_employed,education,0,0,1,319,0,bank_transfer,0
1043,5071,38,567,32587,unemployed,education,3,3,7,295,5,bank_transfer,1
1044,1305,46,597,38733,employed,travel,3,3,1,126,0,bank_transfer,0
1045,2090,23,616,103306,self_employed,education,1,4,3,192,0,paypal,0
1046,5399,54,808,114423,self_employed,medical,7,1,3,83,4,paypal,0
1047,3672,18,845,18975,employed,travel,4,4,7,21,4,paypal,1
1048,6075,68,664,93455,student,education,5,0,0,288,2,card,0
1049,6420,18,846,90138,unemployed,education,6,1,8,284,2,card,0
1050,4480,44,570,60463,employed,education,4,2,5,359,2,paypal,1
1051,4857,38,773,114596,employed,travel,6,1,3,268,5,paypal,0
1052,2813,33,836,57154,employed,business,6,4,5,121,3,card,1
1053,5688,61,533,90676,student,shopping,6,4,5,111,2,card,1
1054,1066,57,358,101706,self_employed,emergency,2,3,8,79,1,card,1
1055,5044,43,550,43830,employed,education,0,2,3,348,0,card,0
1056,3532,33,385,87126,employed,shopping,3,1,7,85,5,bank_transfer,1
1057,788,45,689,61745,employed,shopping,4,2,0,80,3,card,0
1058,4343,18,479,45609,student,education,7,3,5,151,4,card,1
1059,3801,53,448,32401,employed,education,6,2,4,244,0,paypal,0
1060,8633,27,420,42729,employed,emergency,3,2,2,218,2,card,1
1061,5282,60,555,118480,student,shopping,6,1,3,15,4,bank_transfer,0
1062,6804,34,608,60167,employed,business,5,2,7,101,4,card,1
1063,4522,40,358,109181,employed,shopping,2,3,9,268,4,bank_transfer,1
1064,1859,24,368,72391,employed,business,7,0,1,35,5,card,0
1065,9281,61,745,109583,employed,medical,5,0,7,351,0,card,1
1066,2582,24,687,73171,employed,business,5,4,6,283,3,card,1
1067,8158,61,385,103096,unemployed,emergency,2,0,0,125,0,paypal,1
1068,1051,32,526,21647,student,travel,0,1,1,224,1,bank_transfer,0
1069,9014,51,483,36106,student,education,7,4,6,161,2,card,1
1070,2179,63,621,21015,unemployed,medical,5,0,2,13,5,paypal,0
1071,2817,62,617,36506,employed,shopping,4,0,1,165,3,card,0
1072,4624,21,698,39067,employed,business,6,4,0,258,5,paypal,1
1073,9792,31,592,17056,employed,medical,2,1,6,293,3,card,1
1074,8577,31,592,112255,student,travel,2,4,2,114,2,bank_transfer,1
1075,7411,33,784,44328,self_employed,business,6,1,5,120,1,card,0
1076,7286,24,746,92712,employed,emergency,3,1,9,69,4,bank_transfer,0
1077,2165,49,711,67832,employed,shopping,1,3,7,274,2,bank_transfer,1
1078,868,36,807,57771,employed,shopping,7,0,5,48,4,card,1
1079,5590,19,543,112421,employed,business,5,0,6,337,2,card,0
1080,6745,27,719,101805,student,travel,4,2,5,322,0,paypal,1
1081,5183,67,453,61515,employed,education,0,4,6,362,5,paypal,1
1082,5332,34,723,79538,unemployed,education,5,3,4,58,1,bank_transfer,0
1083,5897,54,572,83650,employed,shopping,6,0,8,78,5,bank_transfer,0
1084,9238,29,819,93978,self_employed,travel,0,2,2,204,1,bank_transfer,0
1085,5026,23,427,55151,unemployed,shopping,3,3,5,225,2,card,1
1086,6116,39,672,16629,unemployed,education,5,1,8,263,1,paypal,0
1087,3435,49,458,98463,employed,shopping,0,0,0,103,4,card,1
1088,8138,58,475,111853,employed,business,5,4,4,109,1,bank_transfer,1
1089,4973,37,510,104432,employed,emergency,2,3,3,265,1,bank_transfer,1
1090,1581,18,746,43155,employed,business,5,2,8,325,5,bank_transfer,1
1091,6405,64,466,33288,self_employed,emergency,4,4,0,56,1,paypal,1
1092,3551,23,759,65588,unemployed,travel,5,1,3,312,3,card,1
1093,154,36,656,101951,employed,education,0,4,0,252,2,bank_transfer,1
1094,7743,35,603,51085,employed,travel,4,2,2,300,0,bank_transfer,0
1095,3562,23,532,26251,employed,travel,0,1,3,72,0,card,0
1096,932,62,626,117420,student,education,7,2,0,141,3,card,0
1097,6054,50,481,40574,unemployed,medical,6,0,4,180,5,paypal,1
1098,8619,40,633,24623,employed,medical,6,2,5,203,3,card,1
1099,7321,40,328,101472,employed,shopping,1,4,0,271,0,bank_transfer,1
1100,3410,43,392,69715,student,medical,1,0,9,110,4,bank_transfer,1
1101,3400,30,629,21123,self_employed,business,4,0,9,82,0,bank_transfer,0
1102,6822,24,483,18061,employed,emergency,6,3,3,84,0,paypal,1
1103,7318,32,394,117035,student,travel,1,4,3,257,2,card,1
1104,7876,61,652,54095,unemployed,shopping,1,4,0,193,0,bank_transfer,1
1105,3775,44,564,74618,self_employed,travel,2,1,1,139,0,card,0
1106,3154,43,318,43451,self_employed,education,0,2,9,221,1,card,1
1107,8070,50,798,96897,employed,medical,1,2,4,189,3,paypal,0
1108,2243,32,438,96443,self_employed,education,4,4,1,349,0,card,1
1109,5307,53,824,49814,employed,shopping,2,2,2,344,0,card,0
1110,9603,62,554,100141,employed,emergency,6,4,8,340,4,bank_transfer,1
1111,2638,44,384,112792,employed,business,1,0,4,197,0,card,0
1112,4647,22,757,91868,employed,medical,5,2,0,301,2,bank_transfer,0
1113,5719,19,831,52832,employed,education,6,2,4,74,5,paypal,1
1114,8456,50,391,110012,employed,emergency,4,4,2,198,4,card,1
1115,6712,33,368,24445,self_employed,medical,0,4,0,324,0,card,1
1116,5105,40,336,48490,self_employed,travel,7,1,2,260,5,card,0
1117,922,55,439,44767,employed,business,6,2,5,199,2,card,1
1118,1043,33,477,61057,employed,emergency,5,3,9,304,3,card,1
1119,6250,31,436,95746,student,medical,6,4,4,353,0,paypal,1
1120,4525,46,489,104695,employed,business,1,3,0,137,3,bank_transfer,1
1121,9066,43,641,88100,unemployed,emergency,4,0,1,346,0,card,0
1122,2298,52,304,56043,employed,travel,5,0,4,175,4,paypal,0
1123,4342,32,556,101755,self_employed,travel,7,3,8,316,4,card,1
1124,3795,20,542,42946,employed,education,4,0,4,308,5,bank_transfer,0
1125,3552,40,714,51587,self_employed,shopping,3,3,4,342,2,card,0
1126,9206,46,642,18364,student,education,6,1,0,353,1,card,0
1127,1408,51,678,84854,unemployed,business,5,1,4,304,5,bank_transfer,0
1128,4277,50,445,71088,unemployed,education,4,0,7,133,5,bank_transfer,1
1129,8805,58,622,92015,employed,emergency,5,3,8,27,2,bank_transfer,1
1130,6952,58,421,22398,self_employed,medical,3,3,9,257,0,card,1
1131,6135,40,551,17452,employed,emergency,0,3,2,51,3,card,1
1132,3694,24,610,102208,self_employed,education,7,0,3,144,3,bank_transfer,0
1133,4941,20,774,48193,employed,shopping,0,3,6,355,0,paypal,1
1134,1509,49,791,94401,student,emergency,6,4,6,356,1,card,1
1135,4666,48,646,40345,unemployed,emergency,2,3,0,236,1,card,1
1136,4591,35,786,100895,employed,emergency,5,4,5,160,1,bank_transfer,1
1137,1655,60,772,89335,employed,shopping,3,1,8,359,0,bank_transfer,0
1138,904,24,681,74196,employed,emergency,7,4,4,303,4,bank_transfer,1
1139,1379,58,579,38053,self_employed,business,4,1,7,271,5,bank_transfer,1
1140,7183,18,371,115428,employed,travel,2,0,9,154,4,crypto,1
1141,6086,31,820,98220,unemployed,shopping,5,1,8,37,0,card,1
1142,5719,69,665,20015,self_employed,business,2,1,9,217,4,bank_transfer,1
1143,1487,49,393,112201,self_employed,shopping,7,3,9,130,1,bank_transfer,1
1144,2779,23,672,23657,self_employed,shopping,5,2,2,76,4,bank_transfer,1
1145,2206,56,638,66116,employed,travel,6,1,0,288,0,card,0
1146,8273,27,736,36951,unemployed,medical,6,4,1,197,5,bank_transfer,1
1147,4323,24,635,112599,self_employed,business,0,0,4,311,4,bank_transfer,0
1148,4931,43,791,113279,unemployed,shopping,4,4,9,217,4,bank_transfer,1
1149,2868,51,339,41521,employed,shopping,3,0,6,99,4,card,1
1150,3286,47,658,69431,self_employed,education,6,4,5,312,4,bank_transfer,1
1151,2673,53,553,25731,employed,emergency,0,1,3,285,5,paypal,0
1152,2699,38,697,33744,self_employed,medical,2,2,8,230,0,paypal,1
1153,4133,34,469,78094,student,travel,1,1,3,109,2,bank_transfer,0
1154,8528,50,810,33423,student,business,6,3,2,340,4,bank_transfer,1
1155,1404,27,559,32568,student,shopping,2,4,4,164,2,card,0
1156,7468,68,758,62411,employed,emergency,7,2,3,116,5,bank_transfer,1
1157,5977,64,828,18934,unemployed,business,1,4,1,71,0,card,0
1158,1401,59,640,91945,unemployed,travel,5,3,2,214,3,paypal,1
1159,2641,68,356,111946,employed,medical,0,3,6,338,2,card,1
1160,2151,29,517,111344,unemployed,education,5,3,1,53,0,bank_transfer,1
1161,6909,33,763,23172,employed,medical,3,1,0,85,3,paypal,0
1162,8733,58,546,42358,self_employed,education,4,1,1,342,4,paypal,1
1163,9096,49,672,81313,employed,business,6,2,7,76,5,bank_transfer,1
1164,174,32,716,34763,unemployed,medical,1,3,7,267,5,bank_transfer,1
1165,7081,44,330,63673,employed,medical,6,1,9,248,0,bank_transfer,1
1166,5575,45,667,115722,employed,medical,4,0,1,332,1,card,0
1167,8332,34,407,111706,employed,travel,5,0,5,286,3,card,1
1168,7284,63,717,100997,employed,business,0,1,6,79,1,card,0
1169,5896,67,697,82975,self_employed,education,0,2,0,107,5,card,1
1170,7241,19,571,22804,employed,medical,5,4,6,82,5,paypal,1
1171,1722,53,415,62594,self_employed,business,5,3,7,202,4,card,1
1172,8141,67,555,93748,unemployed,emergency,0,1,8,230,4,bank_transfer,1
1173,441,24,380,102189,student,travel,3,2,7,227,2,card,1
1174,2174,30,427,102507,student,travel,1,4,2,20,5,crypto,1
1175,8092,32,534,82525,employed,emergency,4,2,7,268,4,card,1
1176,745,42,480,88404,employed,business,2,4,2,323,2,card,1
1177,4363,40,456,114248,employed,education,6,0,5,178,3,card,1
1178,8901,39,753,39604,employed,business,5,4,3,140,1,paypal,1
1179,6236,43,323,37135,unemployed,business,5,0,6,310,3,card,1
1180,8746,50,772,111080,employed,shopping,6,3,7,80,1,paypal,1
1181,3069,28,699,52918,unemployed,travel,0,1,9,182,0,bank_transfer,1
1182,3128,27,433,65849,employed,education,4,0,5,74,3,card,1
1183,7743,42,720,45847,student,shopping,4,2,9,147,0,card,1
1184,2781,54,512,58774,employed,emergency,3,4,3,233,1,bank_transfer,1
1185,3729,65,781,75709,employed,business,1,2,7,142,5,card,1
1186,4325,60,647,25680,self_employed,emergency,3,0,6,150,5,paypal,1
1187,3167,55,465,110619,employed,travel,7,2,9,132,2,card,1
1188,6041,58,647,70037,self_employed,shopping,3,4,7,239,3,bank_transfer,1
1189,1486,62,697,114969,self_employed,shopping,7,1,9,315,3,bank_transfer,1
1190,2966,41,734,73914,employed,education,4,2,6,162,2,bank_transfer,1
1191,4888,57,520,41309,unemployed,business,1,3,2,320,2,card,1
1192,5590,63,607,25349,employed,education,1,4,2,250,4,paypal,1
1193,4224,50,765,90079,self_employed,shopping,7,4,8,128,5,bank_transfer,1
1194,8440,34,398,75820,employed,shopping,1,3,6,274,4,bank_transfer,1
1195,3950,41,541,89996,self_employed,education,6,0,0,82,1,bank_transfer,0
1196,5515,54,457,49553,employed,shopping,0,3,2,232,5,bank_transfer,1
1197,7779,19,526,43525,employed,medical,1,0,0,31,3,paypal,1
1198,6919,49,722,20948,employed,travel,4,1,5,234,2,paypal,0
1199,9428,41,371,29498,employed,business,6,0,1,84,2,card,0
1200,8478,26,542,33991,employed,travel,0,1,6,42,5,card,1
1201,9542,21,829,105510,self_employed,business,2,1,7,202,0,crypto,0
1202,1433,34,344,115934,self_employed,shopping,7,3,5,251,4,card,1
1203,4250,34,771,74790,employed,education,5,1,4,85,5,crypto,0
1204,6866,67,670,22660,employed,education,3,0,9,183,5,bank_transfer,1
1205,2811,65,391,41245,employed,shopping,1,2,3,266,0,card,1
1206,4953,47,321,15238,employed,business,7,4,8,71,2,card,1
1207,6312,57,471,34920,employed,shopping,2,4,7,22,3,bank_transfer,1
1208,7579,28,491,61659,employed,business,1,0,4,76,3,paypal,0
1209,5508,38,376,89874,unemployed,shopping,3,2,0,269,0,card,1
1210,7815,38,580,57517,self_employed,shopping,4,1,7,168,4,card,1
1211,9042,35,663,90885,employed,shopping,4,0,7,353,1,paypal,0
1212,1862,46,478,61350,employed,education,3,1,6,351,5,card,1
1213,7201,41,537,92179,self_employed,business,2,3,6,240,3,bank_transfer,1
1214,7774,27,434,43274,employed,emergency,7,2,7,51,1,bank_transfer,1
1215,6222,62,579,60013,student,shopping,0,4,0,83,5,card,1
1216,581,34,318,54913,unemployed,travel,5,0,2,352,4,card,1
1217,253,35,670,119165,self_employed,travel,5,4,3,90,0,card,0
1218,7717,59,411,60819,employed,education,7,1,5,13,4,card,1
1219,1624,65,520,97168,student,medical,5,1,9,157,2,bank_transfer,1
1220,2220,37,603,107680,unemployed,emergency,0,3,9,199,4,bank_transfer,1
1221,2443,54,624,92857,self_employed,education,1,1,8,154,0,bank_transfer,0
1222,5236,62,736,117627,self_employed,medical,7,1,3,198,0,bank_transfer,0
1223,5860,35,737,109792,employed,education,3,4,5,224,4,card,1
1224,1340,34,469,79910,employed,travel,3,4,8,118,5,card,1
1225,160,26,674,38485,self_employed,shopping,0,0,8,151,0,card,0
1226,9230,31,680,17860,unemployed,business,2,0,5,244,2,card,1
1227,1739,66,313,64875,self_employed,shopping,5,1,4,75,1,paypal,0
1228,6285,46,799,29919,student,travel,7,2,2,213,4,card,1
1229,8070,48,690,113873,employed,business,6,0,4,275,0,card,0
1230,1352,21,848,88947,employed,medical,3,1,2,354,5,bank_transfer,0
1231,4303,35,829,24586,employed,medical,7,4,4,244,5,bank_transfer,1
1232,8463,37,791,66986,employed,travel,4,3,9,178,5,crypto,1
1233,9750,64,849,104848,self_employed,business,4,4,9,108,1,card,1
1234,3649,60,684,38055,employed,shopping,6,4,0,291,2,card,0
1235,4297,61,495,49890,student,travel,3,3,5,177,4,card,1
1236,7109,26,599,78081,student,medical,5,4,6,174,0,card,1
1237,6767,30,846,43807,employed,travel,5,0,1,93,1,bank_transfer,0
1238,2422,32,607,100920,employed,shopping,5,4,2,100,2,paypal,0
1239,9928,44,551,62177,self_employed,education,2,3,9,181,3,bank_transfer,1
1240,4190,32,307,109461,unemployed,emergency,4,1,8,159,0,card,0
1241,7060,45,507,83625,self_employed,emergency,2,1,7,96,5,card,1
1242,3104,54,430,29242,employed,emergency,0,1,3,232,5,paypal,0
1243,5236,36,325,71317,employed,education,1,3,7,251,2,bank_transfer,1
1244,429,43,753,54978,employed,shopping,5,3,7,340,1,paypal,1
1245,3740,69,485,31433,employed,business,0,0,5,67,5,bank_transfer,1
1246,8082,43,783,48282,student,travel,1,3,0,237,4,crypto,1
1247,4207,42,350,91519,student,shopping,6,1,1,19,1,paypal,0
1248,1441,43,304,58578,employed,education,4,3,3,287,5,card,1
1249,8507,43,459,85207,employed,medical,1,2,3,288,4,bank_transfer,1
1250,438,63,507,39133,employed,emergency,7,4,1,207,2,bank_transfer,1
1251,5995,45,556,65317,unemployed,emergency,1,0,8,311,2,card,1
1252,2808,66,504,80950,employed,shopping,3,1,1,103,1,card,0
1253,1850,35,310,74612,self_employed,emergency,1,1,5,159,1,card,1
1254,5704,49,307,79873,employed,emergency,3,2,4,195,4,card,1
1255,2521,20,708,101778,self_employed,shopping,1,0,3,51,0,card,0
1256,7219,19,331,77002,employed,shopping,3,4,5,224,1,bank_transfer,1
1257,9001,50,839,67508,employed,education,4,0,3,202,5,crypto,0
1258,5419,59,686,115720,self_employed,education,4,0,8,92,0,bank_transfer,0
1259,6709,36,527,53379,self_employed,emergency,7,1,9,155,0,card,1
1260,5487,34,774,30231,employed,shopping,1,3,6,176,0,card,1
1261,4093,61,506,102385,employed,shopping,6,4,2,110,2,card,1
1262,8780,50,617,56163,employed,emergency,6,0,9,299,2,bank_transfer,0
1263,8144,29,647,46676,employed,business,2,2,3,223,0,paypal,0
1264,8338,66,533,102592,self_employed,medical,6,1,0,179,0,card,0
1265,4973,20,343,100483,unemployed,travel,7,3,5,226,2,bank_transfer,1
1266,4906,60,441,70535,employed,travel,4,3,1,75,4,bank_transfer,1
1267,8692,66,475,106576,employed,emergency,0,1,3,71,5,card,1
1268,6013,43,748,61110,employed,travel,6,0,4,328,3,card,0
1269,7224,52,381,61978,employed,education,0,1,7,209,1,bank_transfer,1
1270,3257,25,434,105818,employed,education,3,3,2,103,0,bank_transfer,0
1271,490,69,476,106737,self_employed,business,2,3,5,41,2,card,1
1272,4530,53,682,87369,employed,emergency,7,2,0,334,0,card,0
1273,8920,24,542,19752,self_employed,education,7,2,8,280,0,bank_transfer,1
1274,7786,63,440,39507,student,emergency,5,3,0,30,0,card,1
1275,4332,63,756,100705,unemployed,emergency,3,2,1,243,0,paypal,1
1276,8107,53,739,56495,unemployed,shopping,1,2,0,52,4,card,1
1277,1621,33,355,105466,student,medical,6,2,7,57,1,card,1
1278,9118,41,826,75886,unemployed,medical,7,3,3,190,1,card,0
1279,1600,18,718,85559,employed,emergency,4,0,1,79,2,paypal,0
1280,6837,66,387,15982,employed,medical,2,0,6,196,4,bank_transfer,1
1281,3394,42,307,94841,employed,medical,3,4,7,197,4,paypal,1
1282,5185,27,776,31146,self_employed,travel,3,2,8,31,1,card,1
1283,2519,33,514,69843,unemployed,travel,0,0,4,332,2,paypal,0
1284,9226,33,796,91737,employed,shopping,1,4,2,30,4,paypal,1
1285,3142,25,802,97446,self_employed,business,3,1,0,113,2,card,0
1286,4597,46,544,103567,self_employed,education,7,2,7,138,1,crypto,1
1287,1566,56,777,38636,unemployed,education,0,0,5,222,0,paypal,0
1288,3661,45,608,97850,self_employed,travel,2,0,4,172,5,crypto,0
1289,714,23,530,42332,unemployed,emergency,3,0,6,155,5,paypal,1
1290,5492,33,682,66434,employed,medical,5,4,4,276,5,bank_transfer,0
1291,7793,37,454,98866,employed,shopping,5,1,3,220,4,paypal,1
1292,9474,33,474,76271,employed,business,0,2,4,276,2,card,1
1293,3323,24,414,77726,employed,travel,5,0,6,12,0,bank_transfer,0
1294,7238,58,689,95901,employed,emergency,7,3,5,85,1,card,1
1295,2767,31,610,25108,self_employed,shopping,1,2,9,222,3,bank_transfer,1
1296,8080,60,599,83896,student,emergency,7,3,9,49,5,bank_transfer,1
1297,230,43,317,57553,self_employed,shopping,4,4,8,180,4,bank_transfer,1
1298,3083,43,311,55880,employed,travel,5,0,9,10,4,paypal,1
1299,4378,31,703,67077,employed,shopping,7,2,1,261,2,card,0
1300,7226,24,531,18625,employed,medical,2,2,6,320,1,bank_transfer,1
1301,8330,50,577,53237,employed,shopping,3,0,0,186,5,card,0
1302,7794,43,652,16223,self_employed,business,7,1,7,229,1,card,0
1303,6740,62,602,74303,employed,shopping,0,4,3,158,4,bank_transfer,1
1304,5568,37,840,80197,employed,education,3,0,7,273,4,bank_transfer,1
1305,1020,20,769,89693,student,shopping,4,2,7,323,5,card,1
1306,7664,69,376,52760,employed,emergency,7,1,3,21,5,card,1
1307,8784,21,820,94182,unemployed,travel,3,2,3,16,2,card,1
1308,9423,43,323,72966,employed,education,3,3,4,283,2,bank_transfer,1
1309,8602,28,314,44024,unemployed,travel,0,2,6,115,3,bank_transfer,1
1310,9030,19,824,85323,employed,emergency,7,4,5,6,0,card,1
1311,3341,31,646,38202,self_employed,business,4,0,0,298,2,bank_transfer,0
1312,645,61,471,66524,employed,medical,2,2,5,259,0,card,1
1313,4446,47,626,58908,student,business,0,3,2,40,4,bank_transfer,1
1314,3910,66,784,51067,employed,education,6,3,8,276,3,card,1
1315,7306,29,788,24360,employed,emergency,4,0,2,232,3,crypto,1
1316,9105,43,761,113228,student,emergency,4,3,8,7,3,card,1
1317,2132,61,677,119755,employed,medical,3,0,4,315,1,bank_transfer,0
1318,8536,50,463,27941,employed,shopping,1,4,9,93,5,bank_transfer,1
1319,371,30,671,30993,employed,education,1,0,7,308,5,card,1
1320,3611,31,723,29620,self_employed,medical,7,1,8,21,4,card,0
1321,1871,41,776,35193,employed,travel,2,3,8,11,1,card,1
1322,9554,51,681,66559,employed,medical,3,3,6,50,1,paypal,1
1323,4461,61,454,36248,employed,travel,1,2,9,265,3,card,1
1324,7169,43,556,60852,self_employed,travel,0,1,0,45,1,bank_transfer,0
1325,1020,38,367,20027,student,emergency,7,2,7,285,4,bank_transfer,1
1326,8290,45,643,78410,employed,medical,2,0,6,318,4,card,0
1327,3530,65,576,19260,employed,emergency,3,4,3,271,1,card,0
1328,4535,53,690,52596,employed,emergency,5,3,5,275,5,paypal,1
1329,3860,57,748,24012,employed,business,0,4,9,35,4,card,1
1330,2150,19,558,40823,employed,business,1,0,1,141,5,card,0
1331,1265,59,606,88851,employed,emergency,1,0,3,144,0,bank_transfer,0
1332,8667,26,394,62027,employed,emergency,1,1,7,323,1,card,1
1333,2133,40,763,93167,unemployed,travel,1,2,3,245,3,bank_transfer,1
1334,6567,32,545,98794,employed,emergency,4,3,9,351,3,card,1
1335,245,30,486,40099,self_employed,education,5,3,3,311,4,crypto,1
1336,4488,40,672,116427,employed,medical,2,4,3,193,4,card,1
1337,7932,34,705,51992,employed,education,2,1,9,35,3,crypto,1
1338,8723,65,707,111912,student,business,1,0,8,272,0,card,1
1339,8996,19,424,25977,employed,education,2,1,1,178,3,card,0
1340,8273,37,636,71234,employed,shopping,5,3,6,270,1,paypal,1
1341,2732,37,640,107230,self_employed,shopping,0,2,2,318,3,card,1
1342,4594,63,477,62376,employed,business,0,4,3,151,2,card,1
1343,8156,20,469,48978,employed,education,6,0,0,99,0,card,0
1344,7611,29,338,24218,employed,medical,2,0,2,29,0,crypto,0
1345,9255,57,368,36788,employed,business,1,0,1,150,3,card,1
1346,1928,19,535,35501,self_employed,shopping,3,2,9,208,2,bank_transfer,1
1347,9230,53,680,92989,employed,business,5,3,6,349,1,bank_transfer,1
1348,4905,31,356,118733,employed,education,1,3,5,262,3,card,1
1349,906,33,576,30210,employed,education,4,1,0,210,1,card,0
1350,9755,36,398,89225,employed,education,7,1,7,89,2,paypal,1
1351,7586,51,826,60489,unemployed,travel,3,3,8,237,3,bank_transfer,1
1352,8302,61,624,107917,employed,education,5,0,0,248,3,bank_transfer,0
1353,1968,63,760,78721,unemployed,emergency,4,2,4,258,1,card,0
1354,7978,23,478,110044,self_employed,shopping,2,3,6,192,3,card,1
1355,5790,30,418,57653,student,shopping,4,2,1,96,2,bank_transfer,0
1356,7927,53,768,101678,employed,travel,2,4,5,36,3,bank_transfer,1
1357,5529,39,848,55950,employed,shopping,4,0,7,96,4,bank_transfer,0
1358,9176,35,754,23916,student,shopping,3,4,7,37,2,card,1
1359,3664,29,325,80911,student,business,4,3,9,234,0,crypto,1
1360,1489,69,789,46449,employed,education,1,1,9,102,1,card,0
1361,7374,47,307,104333,employed,emergency,2,3,7,180,5,card,1
1362,924,68,815,35782,employed,emergency,0,4,5,325,5,paypal,1
1363,2365,57,832,107564,unemployed,business,4,2,5,70,2,bank_transfer,1
1364,1036,24,448,35243,employed,emergency,2,3,2,107,5,card,1
1365,6502,49,787,44379,self_employed,business,0,1,1,271,0,bank_transfer,0
1366,3945,65,324,52780,self_employed,emergency,2,4,4,354,0,bank_transfer,1
1367,1896,36,724,45740,student,shopping,7,3,8,47,2,card,1
1368,8345,23,592,34984,self_employed,medical,6,4,3,108,0,bank_transfer,0
1369,7314,37,484,15050,employed,education,2,4,4,364,0,card,1
1370,826,44,730,21590,unemployed,medical,7,0,5,69,5,card,1
1371,2836,60,616,55205,self_employed,shopping,0,2,5,308,4,card,1
1372,2013,54,697,30162,self_employed,travel,0,0,3,2,3,bank_transfer,0
1373,9888,65,623,64746,employed,business,3,4,3,219,5,card,1
1374,7757,24,845,28105,self_employed,emergency,5,1,7,45,5,paypal,1
1375,2566,22,375,52499,employed,emergency,6,1,4,233,4,bank_transfer,0
1376,9141,28,785,51641,employed,shopping,4,0,4,189,3,card,0
1377,7412,32,387,26628,self_employed,emergency,4,1,8,348,0,bank_transfer,1
1378,8294,20,531,57032,employed,shopping,6,4,3,122,3,paypal,1
1379,8006,22,306,80029,self_employed,medical,2,3,6,65,4,bank_transfer,1
1380,4976,40,849,53516,employed,travel,6,4,4,149,1,card,0
1381,7387,54,351,102157,self_employed,business,1,3,8,249,1,card,1
1382,992,26,695,16476,employed,emergency,7,1,7,67,3,paypal,1
1383,4775,32,520,55800,self_employed,travel,1,2,7,350,1,card,1
1384,2033,20,727,50788,employed,travel,5,2,9,59,2,card,1
1385,1480,46,442,104973,self_employed,travel,2,4,9,115,1,bank_transfer,1
1386,1390,23,662,41240,student,education,3,4,2,116,3,card,1
1387,1740,34,681,25922,employed,travel,0,1,8,237,0,crypto,0
1388,7590,43,576,79198,employed,shopping,2,2,7,47,4,paypal,1
1389,9279,38,570,73739,self_employed,education,7,2,2,109,1,bank_transfer,0
1390,1318,25,313,88602,self_employed,education,4,4,9,274,3,paypal,1
1391,5116,38,597,27089,self_employed,travel,1,2,0,113,4,bank_transfer,1
1392,6981,28,763,47600,self_employed,emergency,7,4,4,33,2,bank_transfer,0
1393,9647,55,826,61176,employed,emergency,1,0,3,280,0,bank_transfer,0
1394,9852,25,533,23167,employed,emergency,1,2,7,292,5,card,1
1395,9710,59,326,93352,employed,emergency,3,3,5,316,4,paypal,1
1396,1054,41,770,36164,employed,shopping,4,1,9,162,5,paypal,1
1397,9275,52,392,100965,self_employed,emergency,3,4,4,90,4,crypto,1
1398,7391,31,608,115537,employed,business,0,2,8,51,3,bank_transfer,1
1399,1074,31,351,46415,unemployed,travel,2,2,5,144,2,card,1
1400,4233,27,618,88653,student,education,2,4,2,104,1,card,0
1401,5470,29,480,86895,student,business,6,3,5,170,2,card,1
1402,4072,55,419,94900,unemployed,emergency,1,2,3,16,0,card,1
1403,5395,61,342,117501,employed,business,6,0,4,133,5,card,0
1404,9205,63,559,109330,student,education,1,1,5,170,1,bank_transfer,0
1405,8328,51,496,90829,employed,emergency,0,4,8,30,5,bank_transfer,1
1406,3120,58,554,73650,employed,business,7,2,2,160,2,card,0
1407,9087,27,635,73981,student,shopping,3,1,0,147,0,bank_transfer,0
1408,4136,34,801,89868,employed,shopping,5,4,1,307,4,card,1
1409,5168,34,554,15615,unemployed,travel,5,4,7,237,4,bank_transfer,1
1410,5333,20,813,60612,self_employed,travel,5,4,3,175,5,crypto,1
1411,9616,48,541,92937,student,business,4,3,6,72,5,bank_transfer,1
1412,417,68,448,56936,employed,education,0,0,1,363,4,card,1
1413,2496,18,598,44372,self_employed,shopping,2,4,9,127,5,bank_transfer,1
1414,2262,29,752,82875,employed,medical,2,3,7,196,4,bank_transfer,1
1415,2845,56,692,96782,student,travel,3,4,9,185,5,bank_transfer,1
1416,1691,21,511,76700,employed,shopping,6,4,8,150,1,crypto,1
1417,6283,59,837,23109,self_employed,emergency,0,3,6,214,5,card,1
1418,4030,30,430,38758,employed,business,4,0,9,94,4,card,1
1419,1412,51,628,103627,employed,shopping,0,1,0,58,1,card,0
1420,9577,59,555,28317,employed,shopping,0,2,1,219,1,bank_transfer,0
1421,4411,38,778,97298,employed,business,3,4,8,219,2,bank_transfer,1
1422,7414,39,362,84001,self_employed,travel,7,0,9,13,4,card,1
1423,2483,21,610,66423,employed,travel,4,2,6,283,3,card,1
1424,3339,35,706,40622,employed,medical,5,4,2,140,5,bank_transfer,1
1425,2239,22,404,21800,self_employed,medical,2,2,4,274,4,crypto,1
1426,1804,36,314,50539,employed,travel,7,3,0,119,3,card,1
1427,7024,19,558,117187,employed,travel,1,0,9,271,4,card,1
1428,462,29,711,17600,student,travel,6,0,2,97,1,bank_transfer,0
1429,2704,34,558,86054,employed,travel,5,1,3,330,4,card,0
1430,4386,27,559,100163,employed,shopping,4,1,3,47,4,bank_transfer,0
1431,3838,51,344,44369,employed,medical,2,2,6,152,4,bank_transfer,1
1432,2569,23,630,111981,employed,business,5,3,4,173,4,bank_transfer,1
1433,4895,25,464,31689,employed,education,7,2,8,275,2,paypal,1
1434,6250,68,492,96459,employed,business,7,4,6,347,5,card,1
1435,656,28,820,53469,student,emergency,3,0,1,237,2,paypal,0
1436,9117,29,700,110939,employed,education,6,2,7,31,1,paypal,1
1437,2908,26,673,15958,employed,shopping,4,2,1,213,1,card,0
1438,5250,19,364,75012,employed,emergency,4,0,6,272,3,card,1
1439,7661,25,686,84074,self_employed,medical,2,0,4,78,1,paypal,0
1440,2819,28,794,75021,unemployed,education,2,1,9,279,2,bank_transfer,0
1441,6606,53,714,103940,employed,travel,0,1,5,41,1,card,0
1442,3841,27,329,65782,unemployed,emergency,7,0,3,146,3,card,1
1443,9866,38,565,90519,employed,shopping,0,2,4,12,3,bank_transfer,1
1444,4098,37,627,115907,employed,education,4,4,4,248,2,card,0
1445,2503,65,791,74315,employed,travel,1,2,6,229,1,bank_transfer,0
1446,8880,25,516,39642,employed,emergency,3,4,3,331,5,bank_transfer,1
1447,9839,53,619,94003,employed,shopping,2,0,4,179,3,paypal,0
1448,394,46,698,15205,employed,emergency,0,4,3,341,1,bank_transfer,1
1449,5443,59,404,107945,employed,education,3,1,3,160,1,bank_transfer,0
1450,9982,29,629,27442,employed,travel,6,0,7,221,5,bank_transfer,1
1451,1236,31,346,106826,employed,medical,5,3,4,327,2,card,0
1452,2164,65,613,106644,employed,shopping,5,4,8,164,2,bank_transfer,1
1453,7109,67,446,20691,student,education,7,4,4,168,1,bank_transfer,1
1454,4643,38,761,53909,employed,travel,4,3,7,219,4,paypal,1
1455,1107,39,785,34504,self_employed,medical,2,3,2,70,4,bank_transfer,1
1456,5545,38,709,79270,self_employed,emergency,7,0,6,260,0,bank_transfer,0
1457,5452,61,326,110698,employed,travel,5,2,0,63,0,card,0
1458,9539,67,328,73051,employed,medical,6,3,4,246,0,paypal,1
1459,1535,47,570,53798,employed,education,2,4,1,50,2,card,0
1460,671,56,800,64330,self_employed,travel,0,3,7,286,1,crypto,1
1461,2482,37,552,102087,employed,travel,5,0,5,234,5,card,1
1462,9537,41,684,93919,employed,business,1,0,4,16,5,card,0
1463,5184,40,359,97032,employed,shopping,5,4,2,4,3,paypal,1
1464,377,24,406,56716,student,travel,2,4,0,282,1,bank_transfer,1
1465,7159,26,519,89624,employed,medical,1,4,9,157,1,bank_transfer,1
1466,1987,18,740,61982,self_employed,shopping,3,2,9,220,0,card,1
1467,1365,43,845,42444,employed,education,5,4,9,348,1,paypal,1
1468,7591,55,395,39734,student,shopping,2,0,9,364,5,bank_transfer,1
1469,1140,55,388,56745,employed,business,5,0,7,51,0,bank_transfer,1
1470,9209,61,530,49571,employed,education,5,3,4,42,1,paypal,1
1471,8173,39,574,106951,unemployed,travel,2,4,8,135,3,bank_transfer,1
1472,9177,61,545,30389,self_employed,emergency,1,2,6,274,4,card,1
1473,2852,27,410,108280,employed,education,0,1,0,259,4,bank_transfer,0
1474,8313,23,533,99218,employed,education,6,3,0,191,2,bank_transfer,1
1475,4669,34,577,60038,student,business,5,2,6,256,3,paypal,1
1476,6453,68,776,114846,student,medical,4,4,6,236,5,card,1
1477,2453,67,716,87795,employed,education,3,2,8,276,1,bank_transfer,1
1478,7537,55,427,60168,self_employed,medical,2,1,1,354,3,bank_transfer,1
1479,4899,41,536,93082,self_employed,shopping,5,2,6,73,1,card,1
1480,786,68,427,82690,employed,emergency,6,1,1,74,3,card,1
1481,8576,27,693,89302,self_employed,business,0,1,9,123,3,bank_transfer,1
1482,4911,25,774,26230,employed,travel,2,1,9,70,4,bank_transfer,0
1483,9054,38,694,98301,unemployed,education,7,2,1,79,3,bank_transfer,1
1484,5446,23,410,20902,student,emergency,5,4,4,248,2,paypal,1
1485,5143,38,389,81758,self_employed,emergency,3,0,8,187,1,bank_transfer,0
1486,2528,56,579,42050,employed,medical,4,0,8,141,0,bank_transfer,1
1487,5226,41,632,114805,employed,education,2,2,9,298,3,card,1
1488,8320,50,523,89586,employed,emergency,5,4,0,44,0,card,1
1489,9198,35,400,84110,self_employed,business,1,0,6,247,4,bank_transfer,1
1490,7913,45,431,117033,self_employed,travel,0,1,9,336,0,bank_transfer,1
1491,9745,69,312,91693,employed,shopping,4,2,9,226,2,bank_transfer,1
1492,3456,49,756,34575,self_employed,shopping,2,2,2,67,2,bank_transfer,0
1493,8807,29,740,73940,student,medical,5,3,9,276,4,bank_transfer,1
1494,7366,65,397,55244,employed,emergency,4,3,9,253,5,card,1
1495,6640,59,419,98481,employed,shopping,1,3,0,303,2,bank_transfer,1
1496,138,44,592,29962,student,medical,2,4,1,280,1,bank_transfer,0
1497,3442,27,300,115826,employed,travel,7,2,5,179,5,bank_transfer,1
1498,9178,63,549,115695,self_employed,education,4,3,9,279,2,bank_transfer,1
1499,2944,69,448,105388,employed,business,2,2,1,129,5,bank_transfer,1
1500,1198,59,694,111220,unemployed,travel,7,1,1,115,3,card,0
1501,7127,49,343,92332,employed,travel,2,3,3,322,2,card,1
1502,1923,59,343,39450,employed,shopping,4,2,2,274,5,card,1
1503,3255,43,377,115382,employed,shopping,2,4,7,202,1,bank_transfer,1
1504,3193,42,525,68494,employed,business,1,4,7,117,4,card,1
1505,5758,28,461,60037,employed,education,4,4,5,35,2,card,1
1506,3878,40,552,98040,employed,travel,5,3,3,106,1,crypto,0
1507,2996,51,431,45041,unemployed,emergency,6,4,6,249,3,bank_transfer,1
1508,1088,69,747,25715,unemployed,shopping,4,0,8,152,0,card,0
1509,4216,57,773,36803,employed,travel,1,1,1,141,0,bank_transfer,0
1510,6546,40,408,83906,self_employed,education,1,2,5,295,4,bank_transfer,1
1511,4279,46,334,76726,employed,medical,1,0,6,162,4,bank_transfer,1
1512,1782,48,766,16908,student,education,7,3,0,147,0,bank_transfer,0
1513,5726,24,574,52075,self_employed,travel,5,2,5,256,0,card,1
1514,7524,57,486,79587,employed,travel,5,2,7,91,4,card,1
1515,1033,50,542,68648,student,business,6,4,6,218,0,card,1
1516,3698,38,563,36134,self_employed,travel,6,2,1,139,2,card,0
1517,2080,19,821,71143,employed,shopping,2,2,1,177,5,bank_transfer,1
1518,3156,35,840,84123,unemployed,emergency,2,1,3,291,1,card,0
1519,9084,64,386,110559,unemployed,business,3,3,4,340,5,bank_transfer,1
1520,891,50,834,60153,employed,travel,6,0,4,76,4,bank_transfer,0
1521,5490,54,509,17413,self_employed,education,6,4,1,57,1,card,1
1522,6735,51,345,105574,unemployed,travel,2,1,6,28,3,card,1
1523,2355,37,766,37555,employed,education,1,0,7,322,3,card,1
1524,3710,52,839,25952,employed,education,3,0,1,321,2,card,0
1525,1707,68,325,83993,employed,travel,6,1,3,150,3,bank_transfer,0
1526,5279,67,565,89000,student,education,1,4,2,307,4,paypal,1
1527,6673,35,474,81686,self_employed,emergency,0,3,3,347,2,bank_transfer,0
1528,1084,63,815,47264,employed,medical,7,1,4,199,5,bank_transfer,0
1529,5876,41,610,62553,unemployed,business,6,1,5,164,2,card,1
1530,3776,25,621,69359,self_employed,travel,5,1,1,182,4,bank_transfer,0
1531,3480,47,434,113322,student,medical,4,4,9,240,0,bank_transfer,1
1532,8811,61,354,24808,employed,education,0,1,5,242,1,card,1
1533,8882,27,842,67330,employed,education,5,1,8,66,4,paypal,1
1534,1150,40,830,53345,self_employed,business,5,2,7,171,0,card,1
1535,3733,69,455,84617,employed,medical,7,2,0,133,0,bank_transfer,1
1536,6442,66,446,54222,self_employed,medical,1,2,8,81,3,bank_transfer,1
1537,1059,28,784,72755,student,travel,2,2,9,165,5,paypal,1
1538,6159,19,319,23933,employed,education,4,1,1,63,2,paypal,0
1539,8984,43,568,83207,student,shopping,2,2,0,355,2,paypal,1
1540,5755,53,632,58739,employed,travel,2,0,5,51,3,bank_transfer,0
1541,4573,50,700,62738,employed,travel,6,3,0,72,3,bank_transfer,0
1542,3046,64,605,111753,employed,travel,4,2,5,43,2,card,1
1543,7825,30,327,119691,employed,business,4,4,1,323,4,bank_transfer,1
1544,626,57,766,99544,employed,business,0,3,6,321,4,paypal,1
1545,3324,42,559,36883,student,travel,1,0,6,318,4,bank_transfer,1
1546,1975,21,833,113818,self_employed,emergency,2,3,3,216,4,card,1
1547,1863,59,400,113510,employed,shopping,7,3,1,191,3,card,1
1548,8812,36,652,114251,self_employed,medical,1,0,6,158,1,card,0
1549,5897,35,599,58401,employed,medical,1,2,0,90,1,card,0
1550,9308,54,595,30380,employed,education,7,0,1,104,2,card,0
1551,7199,47,652,33212,self_employed,medical,6,4,1,51,1,card,0
1552,5209,36,429,43174,self_employed,medical,3,0,0,254,4,card,0
1553,6744,40,455,21861,student,shopping,0,1,8,107,3,card,1
1554,216,33,373,21094,employed,medical,2,1,5,294,4,paypal,1
1555,2533,18,641,119649,self_employed,shopping,5,3,2,236,0,bank_transfer,0
1556,5563,29,764,66319,self_employed,business,4,2,5,323,3,bank_transfer,1
1557,683,41,389,61728,unemployed,shopping,4,2,6,333,0,bank_transfer,1
1558,8686,51,754,39363,employed,business,1,1,2,356,0,card,0
1559,3888,25,631,102846,self_employed,shopping,7,4,3,105,2,paypal,0
1560,4267,35,647,54300,self_employed,travel,0,0,9,255,0,paypal,0
1561,8565,65,532,69808,unemployed,emergency,0,0,0,304,1,card,1
1562,1489,22,401,20943,employed,business,2,0,5,20,1,card,1
1563,8457,43,780,95105,employed,business,2,4,5,359,0,bank_transfer,1
1564,9859,47,513,57616,employed,medical,1,4,8,72,2,card,1
1565,6254,30,407,89329,employed,business,1,0,1,117,0,paypal,0
1566,5520,36,464,118743,employed,shopping,1,0,4,130,3,bank_transfer,0
1567,9020,46,634,40287,employed,travel,3,4,4,120,3,card,1
1568,2143,20,385,48971,self_employed,travel,0,0,6,213,3,card,1
1569,4297,43,723,71152,employed,medical,1,4,4,229,3,bank_transfer,1
1570,3596,57,663,57351,employed,shopping,6,3,9,183,0,card,1
1571,878,29,359,75040,employed,shopping,0,1,3,134,4,paypal,1
1572,313,19,781,111905,employed,education,5,1,9,339,4,card,0
1573,3862,28,549,103559,unemployed,business,4,4,1,231,5,crypto,1
1574,9868,61,416,75616,self_employed,medical,4,0,7,364,3,card,1
1575,6831,45,844,38897,student,travel,0,1,4,340,5,bank_transfer,0
1576,3217,35,343,38010,employed,emergency,5,2,3,246,5,card,1
1577,5891,30,808,55154,unemployed,education,4,0,8,252,2,card,1
1578,8883,54,464,116435,employed,shopping,4,4,1,225,2,bank_transfer,1
1579,2820,39,667,35114,self_employed,business,4,2,2,157,0,card,0
1580,9005,29,591,34050,employed,travel,2,4,7,119,4,card,1
1581,9227,19,585,36125,self_employed,education,5,0,3,94,0,card,0
1582,6147,54,503,109094,self_employed,shopping,7,3,8,228,1,bank_transfer,1
1583,8132,24,823,65396,employed,travel,2,3,9,186,3,bank_transfer,1
1584,101,43,420,59846,employed,travel,0,3,9,334,1,bank_transfer,1
1585,6468,43,487,35396,self_employed,shopping,0,0,9,185,1,card,1
1586,2049,41,312,107661,employed,shopping,3,0,9,280,5,card,1
1587,6832,29,499,103116,employed,medical,7,2,8,230,2,card,1
1588,7933,33,755,53973,employed,travel,2,0,9,265,4,paypal,1
1589,1017,40,747,38574,employed,shopping,0,0,8,158,5,paypal,0
1590,3274,57,370,105155,student,emergency,7,2,0,352,5,bank_transfer,1
1591,7114,26,429,28869,employed,emergency,2,2,5,77,3,paypal,1
1592,189,49,342,81194,employed,education,3,4,9,82,0,paypal,1
1593,1809,32,819,77167,student,business,0,1,5,181,3,card,1
1594,3141,54,312,71147,self_employed,emergency,0,1,7,342,0,card,1
1595,205,30,834,27122,employed,medical,0,4,6,196,0,card,1
1596,9178,22,601,58827,student,shopping,0,3,6,60,4,card,1
1597,8719,28,826,28335,employed,business,1,0,1,151,1,bank_transfer,0
1598,1995,27,414,78576,employed,medical,5,2,3,61,0,bank_transfer,0
1599,6190,69,759,36677,unemployed,travel,5,2,0,135,4,bank_transfer,1
1600,8608,30,804,43223,unemployed,business,2,3,6,331,1,card,1
1601,6182,58,607,44814,employed,emergency,2,2,3,39,5,bank_transfer,1
1602,734,63,624,98611,employed,medical,7,3,8,253,5,card,1
1603,2025,67,474,58185,employed,shopping,7,4,5,106,1,bank_transfer,1
1604,2156,32,813,91794,employed,shopping,2,3,5,233,3,crypto,1
1605,7017,59,471,111063,employed,medical,3,1,8,354,3,card,1
1606,3244,24,801,90675,employed,travel,6,3,7,170,3,card,1
1607,9731,57,633,57325,unemployed,emergency,1,4,5,217,2,bank_transfer,1
1608,652,45,583,55503,student,medical,6,3,5,348,1,paypal,1
1609,9007,49,774,34514,employed,education,2,4,5,14,2,card,1
1610,5483,52,353,71196,self_employed,medical,7,1,3,16,3,bank_transfer,0
1611,4011,32,757,35917,employed,medical,7,0,4,219,4,paypal,0
1612,3489,65,719,69699,employed,emergency,2,4,2,169,3,card,1
1613,9399,53,708,109633,employed,shopping,0,0,8,14,0,card,0
1614,8542,38,603,65119,student,travel,7,4,1,243,4,bank_transfer,1
1615,2530,23,521,98324,employed,medical,6,3,6,319,4,card,1
1616,558,18,832,40061,student,business,7,0,0,8,1,card,0
1617,307,21,457,24947,self_employed,shopping,0,4,9,283,2,paypal,1
1618,999,28,647,96080,employed,shopping,7,4,6,111,0,bank_transfer,1
1619,121,61,458,100550,employed,medical,6,0,1,40,4,card,0
1620,8701,43,534,95331,self_employed,emergency,6,4,4,68,2,card,1
1621,994,54,704,47632,unemployed,business,0,0,0,123,2,bank_transfer,0
1622,614,40,556,34352,self_employed,medical,2,1,4,317,0,bank_transfer,0
1623,7394,46,346,38653,employed,business,0,2,3,166,0,bank_transfer,1
1624,5004,38,512,82115,self_employed,shopping,2,1,0,203,3,bank_transfer,0
1625,7967,65,778,112294,employed,business,6,0,0,128,3,bank_transfer,0
1626,4209,62,786,58755,unemployed,medical,3,3,6,364,4,crypto,1
1627,7279,62,641,119296,self_employed,education,3,3,2,152,4,paypal,1
1628,1660,66,823,113354,self_employed,education,4,2,9,146,4,card,1
1629,1366,44,802,86988,employed,business,7,0,8,49,3,card,0
1630,3738,56,305,52921,self_employed,emergency,1,4,8,3,4,card,1
1631,9041,57,443,74003,employed,medical,0,1,9,251,4,card,1
1632,3527,30,560,95876,employed,travel,5,1,8,77,3,card,1
1633,4880,40,531,61668,employed,education,0,2,0,220,3,card,1
1634,2027,33,569,70175,unemployed,shopping,1,2,3,348,4,card,1
1635,2456,47,746,62738,self_employed,medical,7,2,0,228,4,card,0
1636,4890,21,521,68452,employed,medical,7,2,0,118,2,card,1
1637,406,57,351,83323,student,education,6,2,8,267,1,card,1
1638,8079,33,415,61149,employed,travel,1,2,4,235,3,bank_transfer,1
1639,3765,48,837,30839,employed,shopping,6,4,0,168,1,card,0
1640,7157,59,840,17155,employed,travel,4,4,2,260,3,paypal,1
1641,761,42,318,22019,self_employed,shopping,1,1,6,193,5,card,1
1642,4744,61,691,69512,employed,education,2,1,1,184,2,paypal,0
1643,8603,29,718,76690,employed,medical,0,2,3,10,1,card,1
1644,3020,43,608,101150,self_employed,shopping,1,1,1,337,2,bank_transfer,0
1645,9374,54,485,41190,employed,medical,2,2,8,327,0,card,1
1646,9046,65,560,25928,student,business,1,4,8,359,1,paypal,1
1647,6336,50,827,63425,employed,business,5,3,6,141,1,card,1
1648,6178,45,572,89134,student,education,2,4,6,22,5,crypto,1
1649,452,26,459,101117,self_employed,education,3,0,1,312,1,card,0
1650,9194,29,523,63974,self_employed,emergency,7,4,9,193,0,card,1
1651,7105,22,555,62796,employed,education,2,0,7,92,0,bank_transfer,1
1652,258,69,479,63743,self_employed,business,4,1,0,97,2,bank_transfer,0
1653,1056,45,319,94455,employed,shopping,6,4,7,141,0,crypto,1
1654,2171,52,767,118716,student,travel,2,3,4,257,3,card,1
1655,8695,22,509,85035,employed,education,1,4,3,38,4,bank_transfer,1
1656,9679,51,812,52677,employed,travel,3,4,9,247,1,bank_transfer,1
1657,3553,63,357,71321,self_employed,travel,7,4,1,256,2,bank_transfer,0
1658,6775,51,392,73973,self_employed,business,7,2,2,298,2,bank_transfer,1
1659,1055,30,520,67414,employed,emergency,3,4,9,85,2,card,1
1660,6395,56,531,40602,unemployed,shopping,2,4,1,37,2,card,1
1661,1812,59,663,44692,unemployed,business,1,3,3,185,1,bank_transfer,0
1662,4803,62,673,63750,self_employed,education,7,0,2,98,2,bank_transfer,0
1663,6663,65,755,36760,employed,business,3,0,4,318,1,paypal,0
1664,9565,31,387,83456,self_employed,business,5,3,6,30,2,paypal,1
1665,5731,28,319,39085,employed,business,2,1,8,191,2,paypal,1
1666,9733,59,313,78964,employed,education,2,4,4,338,4,card,1
1667,1494,55,432,37925,unemployed,education,6,1,7,279,3,card,1
1668,9561,21,333,20615,unemployed,business,7,3,1,201,0,card,1
1669,4832,50,507,52083,unemployed,business,7,1,5,322,0,crypto,1
1670,3814,24,498,83319,employed,travel,7,0,7,189,0,card,0
1671,629,58,454,24605,employed,shopping,2,2,8,258,3,card,1
1672,3058,25,377,59608,employed,travel,3,1,3,155,1,card,0
1673,8004,54,471,34192,employed,emergency,0,2,3,319,0,card,1
1674,3691,68,588,18331,employed,shopping,1,1,6,228,0,card,0
1675,6995,27,844,66330,employed,emergency,4,3,3,5,0,card,1
1676,9231,60,719,112392,self_employed,shopping,4,2,4,129,1,card,0
1677,625,32,306,64949,student,business,7,1,1,74,3,crypto,1
1678,6577,55,459,83382,self_employed,travel,1,3,1,24,3,bank_transfer,1
1679,101,32,539,114233,student,shopping,0,0,9,315,5,bank_transfer,1
1680,474,22,722,52586,employed,emergency,6,4,4,279,5,bank_transfer,1
1681,4748,46,835,67243,employed,shopping,6,3,9,206,1,paypal,1
1682,2465,36,369,115566,student,education,6,3,9,146,4,paypal,1
1683,1625,68,515,73618,employed,shopping,6,0,1,89,2,crypto,0
1684,1746,27,403,93311,self_employed,business,1,2,5,22,1,card,1
1685,113,29,353,22549,employed,medical,2,1,5,300,2,paypal,1
1686,4699,21,629,67494,employed,education,5,2,7,44,3,card,1
1687,2378,48,502,102973,self_employed,medical,1,3,0,37,2,card,1
1688,3255,35,587,38958,student,business,1,1,6,7,5,card,0
1689,8421,33,344,104779,unemployed,medical,5,4,6,280,0,bank_transfer,1
1690,3914,57,497,109520,employed,shopping,3,4,8,169,2,bank_transfer,1
1691,3316,53,515,117478,employed,medical,4,1,3,70,5,card,1
1692,8319,42,780,52538,student,travel,7,3,6,213,2,bank_transfer,1
1693,2213,40,608,20833,employed,business,4,0,5,71,3,card,0
1694,9544,29,734,38386,employed,travel,7,2,3,207,4,card,1
1695,4456,51,631,115349,unemployed,medical,2,2,9,72,2,card,1
1696,5643,53,326,114341,student,travel,5,0,7,316,3,bank_transfer,1
1697,4655,54,465,86778,unemployed,education,6,0,2,180,0,card,0
1698,7162,20,617,109240,employed,medical,6,4,7,208,2,card,1
1699,3474,26,573,39832,employed,emergency,2,0,4,177,2,crypto,0
1700,6530,35,682,92857,student,travel,3,1,3,195,0,paypal,0
1701,3566,60,664,53930,employed,shopping,2,4,2,301,5,card,1
1702,3181,52,402,47407,student,medical,5,3,9,239,5,bank_transfer,1
1703,729,51,802,19073,employed,emergency,5,4,6,154,5,card,1
1704,369,58,672,32667,student,education,0,4,6,154,1,bank_transfer,1
1705,5824,31,544,31035,self_employed,shopping,3,2,5,30,4,bank_transfer,1
1706,5997,21,468,21732,employed,medical,5,0,2,27,0,card,0
1707,3532,46,717,70097,employed,shopping,5,1,8,240,5,card,0
1708,9572,58,655,18487,self_employed,medical,3,0,1,243,0,card,0
1709,6376,62,777,115488,self_employed,medical,6,2,2,132,0,bank_transfer,0
1710,5995,67,424,72702,employed,business,1,0,0,179,1,paypal,0
1711,7215,32,836,109961,student,travel,6,1,6,339,0,crypto,1
1712,6756,45,701,100107,employed,medical,1,0,1,98,1,paypal,0
1713,675,59,816,44075,employed,education,0,2,9,326,4,crypto,1
1714,7129,33,830,86031,employed,emergency,6,1,7,237,1,card,0
1715,6199,29,553,99217,unemployed,travel,5,0,8,335,4,bank_transfer,1
1716,9599,69,420,29781,employed,business,3,2,1,138,4,card,1
1717,3292,22,331,54865,employed,travel,3,2,5,118,4,paypal,1
1718,3278,51,336,23469,student,travel,7,4,0,106,3,paypal,1
1719,6152,59,641,60167,employed,medical,1,1,7,36,4,card,1
1720,2834,18,312,96738,employed,education,6,1,4,46,1,bank_transfer,0
1721,6216,56,482,34928,employed,medical,4,0,8,104,3,card,1
1722,3668,49,564,91521,student,education,4,4,2,364,0,card,0
1723,9947,43,387,54599,self_employed,education,5,1,1,360,0,crypto,0
1724,9871,34,761,31775,student,shopping,1,2,6,70,2,paypal,1
1725,2303,65,345,81504,student,medical,5,1,6,207,4,card,1
1726,1490,44,691,90918,self_employed,business,2,4,9,221,2,card,1
1727,1842,41,418,85687,self_employed,emergency,3,3,4,89,4,card,1
1728,2025,52,830,41804,employed,travel,6,2,6,3,4,crypto,1
1729,719,63,746,47259,employed,shopping,6,1,5,298,5,paypal,1
1730,1374,59,345,101284,self_employed,business,5,2,8,231,1,bank_transfer,1
1731,1056,56,807,100227,unemployed,emergency,0,0,2,118,1,bank_transfer,0
1732,2039,43,825,112556,employed,emergency,6,2,3,311,0,bank_transfer,1
1733,4053,66,302,58560,employed,medical,4,1,8,114,3,card,1
1734,1068,55,327,42256,employed,education,5,0,9,202,0,paypal,0
1735,9608,40,680,21125,employed,medical,2,0,7,30,4,bank_transfer,1
1736,9335,39,456,19370,employed,emergency,3,0,9,364,5,card,1
1737,381,21,810,19838,employed,medical,7,3,5,247,3,card,1
1738,6362,66,632,72429,employed,shopping,6,3,2,81,2,bank_transfer,0
1739,1158,26,413,18134,self_employed,business,7,0,8,246,4,card,1
1740,4393,21,688,58199,employed,emergency,2,1,8,184,1,bank_transfer,0
1741,5278,24,786,92092,self_employed,shopping,7,0,5,273,0,paypal,0
1742,7080,40,549,48822,student,business,5,0,1,33,0,bank_transfer,0
1743,9300,19,614,108513,unemployed,shopping,3,2,6,102,2,bank_transfer,1
1744,1329,66,538,35113,self_employed,travel,3,2,8,277,0,bank_transfer,1
1745,9327,41,533,78594,employed,education,1,2,8,111,0,card,1
1746,4685,57,602,111102,unemployed,education,1,4,2,206,3,bank_transfer,1
1747,8567,48,633,17669,self_employed,education,7,2,1,266,4,card,1
1748,2840,64,412,64427,employed,travel,0,2,4,215,3,paypal,1
1749,2389,48,661,96617,employed,emergency,0,1,9,103,3,paypal,1
1750,1339,64,396,27938,employed,emergency,6,3,6,295,0,card,1
1751,5470,57,315,20717,employed,travel,7,3,2,78,4,paypal,1
1752,225,65,675,92818,employed,education,2,3,3,175,0,bank_transfer,0
1753,7573,68,689,62659,unemployed,education,1,4,9,342,5,crypto,1
1754,9500,60,516,79575,employed,business,3,0,1,52,5,bank_transfer,1
1755,5442,51,698,94737,self_employed,business,1,2,9,297,0,bank_transfer,1
1756,7451,41,559,31289,student,medical,7,1,1,175,3,bank_transfer,0
1757,6738,66,619,39406,student,shopping,3,4,6,343,5,card,1
1758,6670,43,495,111822,student,business,1,3,1,199,1,card,1
1759,3349,33,777,27873,unemployed,business,3,4,0,88,5,card,1
1760,9210,64,717,97048,employed,business,7,1,3,171,1,card,0
1761,7695,30,774,109463,unemployed,business,2,4,5,37,3,card,1
1762,6394,32,843,38461,self_employed,travel,1,3,9,123,3,bank_transfer,1
1763,6627,44,530,35710,employed,medical,4,0,9,201,0,bank_transfer,0
1764,5857,21,820,100488,self_employed,business,4,3,3,64,4,crypto,1
1765,2069,33,499,28448,self_employed,emergency,3,3,0,188,5,card,1
1766,991,47,320,30198,unemployed,shopping,2,3,0,215,0,paypal,1
1767,4570,61,610,88158,employed,business,3,4,8,243,0,bank_transfer,1
1768,7275,47,733,82938,self_employed,travel,2,1,0,150,2,bank_transfer,0
1769,9656,53,670,65799,employed,emergency,7,3,6,124,0,bank_transfer,1
1770,8420,20,377,116860,employed,education,0,4,6,198,4,bank_transfer,1
1771,9306,39,841,109003,employed,education,1,1,0,36,0,card,0
1772,6912,66,584,49961,employed,medical,2,0,0,302,3,bank_transfer,0
1773,7619,39,439,58007,student,education,7,3,5,278,4,bank_transfer,1
1774,4712,67,581,80470,employed,business,3,2,7,35,5,crypto,1
1775,9810,67,557,67256,employed,travel,6,4,6,113,3,paypal,1
1776,1298,66,659,35739,employed,medical,6,0,5,175,2,bank_transfer,0
1777,5338,29,739,99054,employed,emergency,0,0,9,33,2,bank_transfer,0
1778,6189,38,569,73186,employed,business,6,0,2,213,4,paypal,0
1779,6357,21,433,41547,employed,education,3,4,6,203,5,crypto,1
1780,7805,48,403,109472,self_employed,shopping,4,1,5,254,1,paypal,1
1781,3819,61,394,100823,employed,business,4,2,7,56,1,bank_transfer,1
1782,402,48,779,66431,employed,shopping,1,1,3,323,4,card,0
1783,1086,40,540,40476,employed,emergency,5,3,8,13,4,paypal,1
1784,4540,37,312,93411,self_employed,shopping,1,2,0,50,3,card,1
1785,5009,32,446,25686,employed,emergency,6,1,6,248,2,bank_transfer,1
1786,3172,40,394,32536,self_employed,medical,0,3,8,233,4,card,1
1787,3224,45,592,49062,student,travel,6,2,9,28,0,card,0
1788,9619,33,324,63216,self_employed,education,4,4,0,104,3,card,1
1789,8225,54,571,40041,employed,education,7,3,9,354,2,paypal,1
1790,3391,38,804,46653,self_employed,business,2,1,2,96,3,bank_transfer,0
1791,4133,32,465,36673,self_employed,education,4,2,6,343,2,bank_transfer,1
1792,5205,34,386,25367,employed,medical,5,3,8,344,0,bank_transfer,1
1793,803,67,790,34629,student,education,1,3,0,193,2,crypto,0
1794,8233,54,440,103636,unemployed,business,3,4,5,125,3,card,1
1795,674,30,402,87190,student,education,6,3,1,81,2,bank_transfer,0
1796,5804,36,525,40063,student,travel,0,2,4,7,3,bank_transfer,1
1797,7948,47,593,34322,self_employed,emergency,5,0,6,330,4,paypal,1
1798,5308,62,605,99546,self_employed,shopping,4,2,6,83,0,card,1
1799,7024,35,553,27693,self_employed,shopping,2,2,9,24,3,crypto,1
1800,3928,31,479,24241,student,emergency,5,4,6,114,1,card,1
1801,3330,53,339,44778,self_employed,shopping,7,4,3,15,1,card,0
1802,588,53,819,117379,employed,travel,7,3,5,113,5,card,1
1803,7214,37,845,27651,employed,medical,2,4,9,342,5,card,1
1804,9639,69,535,40966,student,business,2,3,5,250,2,bank_transfer,1
1805,3273,36,762,24275,employed,travel,0,0,6,145,4,bank_transfer,1
1806,1767,62,527,60606,self_employed,business,7,1,8,19,4,card,1
1807,9929,61,782,16658,unemployed,medical,2,4,5,9,1,bank_transfer,1
1808,4214,24,729,109499,self_employed,travel,2,4,9,320,2,paypal,0
1809,3653,61,321,87468,unemployed,education,7,0,0,185,4,paypal,1
1810,7861,21,642,29248,self_employed,medical,4,4,7,38,4,bank_transfer,1
1811,1100,51,339,39437,employed,shopping,0,0,1,211,2,crypto,0
1812,9142,19,472,54727,student,travel,7,3,2,134,3,bank_transfer,1
1813,1488,22,738,33201,employed,medical,7,4,4,102,1,card,0
1814,5550,27,478,56150,employed,medical,3,4,5,149,5,card,1
1815,3812,49,432,104891,employed,travel,7,3,6,93,4,card,1
1816,1467,59,650,29999,employed,shopping,3,4,3,290,3,bank_transfer,1
1817,8289,58,824,21376,employed,emergency,2,2,2,140,3,paypal,1
1818,9113,30,839,66673,employed,shopping,5,0,8,295,3,paypal,0
1819,554,56,805,18476,self_employed,medical,7,1,3,352,3,card,0
1820,9916,22,383,84902,student,business,1,2,8,262,0,bank_transfer,1
1821,2872,27,763,106269,employed,emergency,0,1,8,81,0,bank_transfer,0
1822,3826,27,642,92994,employed,emergency,6,2,2,32,5,crypto,1
1823,7332,55,579,77878,self_employed,medical,1,2,2,188,2,card,1
1824,4906,44,562,113331,self_employed,travel,0,2,7,136,1,bank_transfer,1
1825,2290,68,465,35615,unemployed,travel,0,0,0,166,2,crypto,1
1826,9208,38,592,26164,employed,travel,4,1,5,147,0,crypto,0
1827,2975,25,808,54316,student,shopping,7,3,5,245,2,card,1
1828,5692,18,525,83560,employed,education,2,3,8,183,2,card,1
1829,1540,45,469,44559,self_employed,travel,4,4,1,9,3,bank_transfer,1
1830,9027,66,747,77968,employed,travel,7,0,7,156,4,paypal,1
1831,6159,56,801,81800,employed,emergency,5,0,6,318,0,card,0
1832,7110,31,826,24047,employed,business,6,0,1,176,0,paypal,0
1833,7217,38,678,59985,employed,business,1,2,0,114,2,card,1
1834,9253,47,500,87123,employed,medical,1,0,3,243,4,bank_transfer,1
1835,3089,38,549,21577,student,medical,3,3,1,167,2,bank_transfer,1
1836,9318,66,708,98171,self_employed,medical,5,0,2,223,1,card,0
1837,6328,26,424,18870,self_employed,travel,6,2,1,191,0,card,0
1838,6571,34,412,49094,employed,business,5,1,8,275,3,bank_transfer,1
1839,2963,22,436,70329,employed,medical,7,0,3,289,3,paypal,0
1840,1277,48,795,24217,unemployed,business,4,1,0,64,3,card,0
1841,4860,69,449,98138,self_employed,travel,7,4,7,282,5,bank_transfer,1
1842,111,57,642,81141,employed,emergency,4,2,3,173,5,bank_transfer,1
1843,5352,55,620,37343,employed,travel,5,0,9,257,0,bank_transfer,0
1844,4499,60,831,65822,self_employed,medical,4,4,7,203,0,paypal,1
1845,8334,36,588,28003,employed,travel,3,4,7,77,3,bank_transfer,1
1846,9235,53,788,74538,employed,travel,7,1,8,103,0,bank_transfer,0
1847,5545,67,791,47089,student,business,6,3,9,226,3,bank_transfer,1
1848,6670,50,551,68595,self_employed,education,6,3,6,226,1,bank_transfer,1
1849,9296,30,376,98197,self_employed,shopping,4,3,3,227,1,card,1
1850,8312,31,691,97318,employed,medical,4,3,1,96,1,paypal,1
1851,506,50,711,45029,employed,education,6,2,5,76,2,card,0
1852,9306,46,472,94023,unemployed,emergency,5,0,3,33,2,bank_transfer,1
1853,4531,60,500,66324,student,medical,6,0,5,82,4,bank_transfer,1
1854,5343,66,516,66962,employed,education,5,2,7,69,4,card,1
1855,6642,53,675,54042,employed,travel,4,1,2,339,4,card,0
1856,7036,61,310,102601,employed,medical,4,0,0,219,1,card,0
1857,9006,27,311,91380,employed,education,7,4,4,362,1,card,1
1858,4246,48,734,99859,self_employed,shopping,7,0,2,358,1,paypal,0
1859,240,23,672,105933,unemployed,travel,5,2,5,302,0,paypal,1
1860,4982,18,572,60957,employed,medical,1,1,2,120,0,card,0
1861,6112,24,808,97864,employed,emergency,2,0,0,48,1,card,0
1862,1063,44,431,58739,student,emergency,1,2,8,68,3,paypal,1
1863,7251,38,618,53733,employed,medical,4,4,4,339,4,card,1
1864,8664,45,467,60389,unemployed,education,0,3,1,85,2,crypto,1
1865,3710,33,696,44715,self_employed,medical,0,4,1,276,4,card,0
1866,9984,63,479,54116,unemployed,travel,3,4,8,256,3,bank_transfer,1
1867,6994,40,357,71922,employed,business,1,1,0,205,5,card,0
1868,7411,69,779,71251,employed,emergency,5,0,9,233,0,card,1
1869,205,37,759,76794,employed,education,7,3,2,65,1,card,0
1870,5639,55,360,32580,employed,shopping,3,2,9,317,0,bank_transfer,1
1871,9973,42,668,15823,employed,medical,3,3,6,79,0,card,1
1872,6887,45,420,107008,unemployed,travel,0,0,0,14,3,bank_transfer,0
1873,2237,22,845,22084,student,medical,1,1,1,325,0,card,0
1874,4545,38,316,92991,self_employed,shopping,2,0,5,305,0,card,0
1875,3630,35,795,25607,employed,travel,6,2,8,169,4,bank_transfer,1
1876,1386,64,796,97455,self_employed,shopping,5,3,8,159,4,card,1
1877,7152,23,804,99930,self_employed,travel,1,4,7,116,5,card,1
1878,3754,46,831,91355,employed,business,7,0,2,346,3,bank_transfer,0
1879,7202,36,614,26969,unemployed,emergency,3,1,1,192,1,bank_transfer,0
1880,2459,50,368,78059,employed,travel,4,1,0,345,4,crypto,0
1881,8205,18,460,32333,employed,shopping,3,3,8,183,5,bank_transfer,1
1882,8736,62,444,92236,employed,education,1,4,4,231,0,card,1
1883,6541,20,684,112328,student,emergency,0,2,2,168,5,card,1
1884,5147,59,568,113847,self_employed,business,6,4,9,15,5,card,1
1885,8327,38,753,51668,employed,medical,1,3,9,193,2,card,1
1886,5303,52,817,26945,employed,business,2,4,4,233,4,card,1
1887,9767,58,649,117528,employed,business,5,3,2,263,5,card,1
1888,1898,57,409,61526,employed,medical,5,4,8,54,5,card,1
1889,9700,20,782,62717,employed,travel,4,0,0,180,2,card,0
1890,5391,42,706,74426,employed,business,4,1,0,4,1,card,0
1891,5595,62,350,116170,employed,emergency,3,3,2,257,0,card,1
1892,6384,55,702,99166,student,business,1,3,5,361,4,card,1
1893,7385,62,775,105480,employed,education,5,1,1,322,1,bank_transfer,0
1894,1400,37,386,103896,self_employed,emergency,0,2,0,240,3,card,1
1895,6969,69,367,93349,employed,education,2,3,7,163,1,card,1
1896,9535,61,341,19601,employed,emergency,3,0,9,337,3,card,1
1897,3197,62,356,27930,employed,shopping,1,4,8,138,3,bank_transfer,1
1898,4716,51,495,19333,employed,medical,0,0,9,324,4,paypal,1
1899,109,38,361,85935,employed,emergency,1,3,0,229,2,card,1
1900,5852,65,562,32839,student,emergency,0,2,2,102,3,bank_transfer,1
1901,9952,40,411,66337,unemployed,travel,7,3,4,193,0,bank_transfer,1
1902,6395,23,477,55204,employed,travel,6,2,6,307,4,bank_transfer,1
1903,4915,68,325,35195,employed,shopping,1,1,9,30,5,paypal,1
1904,1172,30,709,42848,unemployed,travel,1,4,3,295,5,paypal,1
1905,3325,66,830,104229,employed,travel,7,0,5,247,3,card,1
1906,1416,40,616,55854,self_employed,education,6,2,0,221,4,card,0
1907,5799,26,831,116986,unemployed,travel,5,0,3,172,0,bank_transfer,0
1908,6907,34,405,65998,unemployed,travel,3,1,7,160,4,crypto,1
1909,6774,19,763,82390,employed,shopping,1,3,4,172,4,paypal,0
1910,3783,36,545,46558,employed,shopping,1,2,7,63,5,card,1
1911,7327,36,380,17985,employed,business,3,4,0,61,3,card,1
1912,3373,24,695,76794,student,travel,3,2,9,65,1,bank_transfer,1
1913,7100,59,821,58585,unemployed,travel,4,3,8,169,4,bank_transfer,1
1914,245,59,563,99814,self_employed,emergency,4,3,3,81,3,bank_transfer,1
1915,5110,37,573,55264,student,travel,5,4,8,247,5,bank_transfer,1
1916,3140,26,471,48326,self_employed,education,3,4,7,268,0,card,1
1917,9754,34,564,99816,self_employed,emergency,6,1,7,258,0,paypal,1
1918,9876,44,325,74261,student,travel,2,0,1,73,1,paypal,0
1919,582,64,768,49022,self_employed,education,5,2,2,332,0,bank_transfer,0
1920,3279,19,775,30667,employed,business,0,1,9,188,3,bank_transfer,0
1921,1349,53,655,33065,employed,emergency,7,0,8,25,1,bank_transfer,0
1922,730,36,325,102191,self_employed,medical,3,1,2,228,5,card,0
1923,8953,34,333,25006,employed,travel,4,4,7,118,3,card,1
1924,2952,22,563,86819,employed,emergency,7,4,4,108,5,card,1
1925,1087,56,437,60076,student,shopping,1,3,6,242,5,paypal,1
1926,7722,35,761,83861,self_employed,emergency,3,2,3,99,1,card,0
1927,7427,24,467,111319,unemployed,shopping,3,2,7,22,1,card,1
1928,9838,34,380,65393,employed,travel,4,2,3,56,3,bank_transfer,1
1929,8941,56,706,18143,self_employed,education,4,1,4,149,1,card,0
1930,9260,53,345,116341,employed,shopping,2,1,0,311,3,card,1
1931,1200,57,352,72505,unemployed,emergency,5,2,9,40,0,bank_transfer,1
1932,6752,62,775,27417,employed,emergency,4,3,7,150,0,bank_transfer,1
1933,8732,21,315,46300,self_employed,shopping,4,0,6,121,4,bank_transfer,1
1934,7521,55,659,107062,student,business,4,1,4,260,2,bank_transfer,0
1935,5116,42,786,43896,employed,business,7,2,5,26,2,bank_transfer,0
1936,869,22,801,117979,unemployed,business,5,4,0,112,0,card,0
1937,1443,47,440,65629,student,shopping,1,1,7,23,4,bank_transfer,1
1938,4458,29,746,42606,employed,shopping,3,0,8,169,2,card,0
1939,9869,21,589,54916,employed,emergency,3,1,4,314,3,card,0
1940,6880,41,508,76330,employed,travel,4,0,9,264,3,card,1
1941,6702,46,774,22551,employed,travel,6,0,6,116,1,card,0
1942,2449,26,712,115972,student,education,6,1,9,307,2,card,0
1943,5799,21,726,71422,unemployed,shopping,5,0,3,231,5,card,0
1944,1341,68,670,82782,employed,travel,2,1,5,189,3,bank_transfer,1
1945,1225,41,589,80391,employed,travel,4,1,1,257,2,bank_transfer,0
1946,9482,31,731,119957,employed,business,7,3,3,120,1,card,0
1947,6864,22,567,78411,employed,business,5,4,4,286,0,crypto,0
1948,5201,35,450,88185,employed,business,5,0,8,273,4,bank_transfer,1
1949,7943,59,554,15888,employed,medical,7,1,8,358,5,paypal,1
1950,172,36,652,72135,employed,travel,2,0,7,152,1,bank_transfer,0
1951,5572,29,676,44424,self_employed,business,5,1,3,86,1,card,0
1952,5289,35,657,56559,self_employed,business,7,1,5,325,1,crypto,0
1953,2572,34,669,26075,employed,shopping,3,1,6,345,4,paypal,0
1954,807,47,526,37699,student,emergency,2,4,0,327,3,bank_transfer,1
1955,1904,41,602,62972,self_employed,business,2,0,0,246,2,card,0
1956,6804,28,688,24950,student,shopping,0,4,3,314,0,card,1
1957,3813,52,676,20413,employed,education,2,4,2,315,0,paypal,0
1958,5151,40,417,54305,student,business,2,4,9,293,5,card,1
1959,2575,34,304,18569,student,emergency,7,4,3,162,4,bank_transfer,1
1960,3710,18,743,81778,employed,shopping,1,3,8,100,0,bank_transfer,1
1961,4355,32,651,117633,employed,emergency,3,0,1,185,5,card,0
1962,7497,49,832,45085,unemployed,business,4,0,3,276,5,bank_transfer,0
1963,1835,26,423,91023,self_employed,education,7,1,6,17,4,bank_transfer,1
1964,9877,32,576,98845,unemployed,business,0,0,1,260,4,card,1
1965,8358,45,693,111307,student,shopping,2,4,7,245,2,bank_transfer,1
1966,8079,41,659,107174,self_employed,education,1,2,9,306,2,paypal,1
1967,2528,52,768,51163,employed,education,1,0,3,338,4,bank_transfer,0
1968,7526,39,356,64592,employed,education,7,2,8,50,2,bank_transfer,1
1969,8633,44,550,102151,unemployed,medical,5,3,0,272,3,card,1
1970,5349,36,449,72333,employed,shopping,4,1,6,235,1,card,1
1971,5391,62,751,23039,employed,medical,4,1,0,72,0,crypto,0
1972,2917,29,461,23198,self_employed,emergency,6,1,9,317,0,bank_transfer,1
1973,9524,37,419,49354,self_employed,education,3,3,8,44,0,card,1
1974,3974,18,650,18824,employed,medical,6,4,9,306,0,bank_transfer,1
1975,9786,38,398,65420,employed,business,5,2,9,80,3,bank_transfer,1
1976,4311,66,466,104535,employed,medical,2,0,0,286,3,card,0
1977,761,62,813,18436,employed,travel,1,4,2,49,1,paypal,0
1978,3474,18,700,108550,student,emergency,0,1,6,98,4,card,1
1979,9308,27,664,55857,employed,education,3,1,0,25,2,bank_transfer,0
1980,307,64,625,31057,student,education,7,4,4,214,1,bank_transfer,0
1981,2765,49,546,16310,student,emergency,2,2,5,56,0,card,1
1982,2593,56,733,90355,self_employed,emergency,5,4,2,255,2,paypal,0
1983,6913,39,392,93993,employed,shopping,4,3,5,156,1,bank_transfer,1
1984,732,35,567,81013,employed,business,5,1,3,161,0,bank_transfer,0
1985,3183,65,620,75022,employed,emergency,2,2,5,194,1,card,1
1986,3819,63,361,23906,employed,emergency,5,0,5,4,0,paypal,0
1987,7223,49,599,24868,student,shopping,4,1,3,268,5,card,0
1988,1779,44,702,33546,employed,emergency,2,4,0,36,0,bank_transfer,0
1989,336,45,602,113812,student,medical,0,2,2,16,5,paypal,1
1990,7546,35,552,87855,employed,travel,6,1,9,137,3,card,1
1991,4543,56,777,48149,employed,travel,3,0,6,78,0,card,0
1992,6870,66,668,82381,unemployed,travel,5,0,1,311,1,crypto,0
1993,9832,46,459,38684,self_employed,emergency,4,4,3,73,2,crypto,1
1994,6199,35,465,44858,employed,travel,0,3,5,320,3,bank_transfer,1
1995,8655,61,504,60330,employed,business,1,4,4,245,5,bank_transfer,1
1996,2468,25,566,74204,employed,medical,0,2,5,346,2,bank_transfer,1
1997,385,48,437,107203,self_employed,travel,0,4,4,228,5,card,1
1998,248,51,667,40293,employed,education,0,2,8,195,4,card,1
1999,4137,24,742,71869,self_employed,emergency,7,3,1,246,2,card,0
2000,6649,53,316,105429,self_employed,medical,4,4,3,89,4,card,1
2001,7221,35,367,19629,unemployed,business,7,0,0,260,4,bank_transfer,1
2002,4995,55,432,20704,employed,travel,1,2,6,286,3,bank_transfer,1
2003,5380,26,729,16776,employed,business,3,2,0,139,2,bank_transfer,0
2004,1112,26,607,72255,self_employed,emergency,0,0,5,51,5,bank_transfer,1
2005,9815,63,473,63281,employed,travel,4,4,9,147,0,paypal,1
2006,2885,25,711,46236,employed,education,4,3,9,242,3,card,1
2007,3825,68,396,81780,employed,medical,3,1,8,334,3,card,1
2008,4676,52,453,16333,employed,education,6,4,1,232,0,bank_transfer,1
2009,5882,35,541,84205,employed,travel,2,4,0,27,2,card,1
2010,6357,22,603,98120,employed,shopping,1,2,9,344,5,card,1
2011,9893,31,584,65946,unemployed,medical,1,2,2,208,3,bank_transfer,1
2012,2508,45,326,70333,self_employed,business,5,3,5,138,4,card,1
2013,440,47,701,42277,employed,travel,0,3,6,155,0,paypal,1
2014,2917,21,659,65606,employed,education,2,3,7,7,5,bank_transfer,1
2015,2596,56,359,16933,self_employed,emergency,6,0,3,115,1,card,0
2016,6062,37,501,48514,student,shopping,1,1,7,92,3,bank_transfer,1
2017,5399,42,669,104893,employed,emergency,6,1,6,346,5,bank_transfer,1
2018,7674,45,832,107607,student,travel,5,3,7,82,4,bank_transfer,1
2019,1789,29,451,77958,self_employed,business,0,2,4,13,2,paypal,0
2020,3367,19,401,21827,employed,education,2,1,9,72,2,bank_transfer,0
2021,4506,60,745,45844,unemployed,medical,4,4,6,91,0,card,1
2022,8553,31,528,106200,self_employed,shopping,0,0,3,188,4,card,1
2023,1542,39,424,15792,student,travel,2,2,0,105,0,bank_transfer,1
2024,8697,48,535,54695,employed,travel,3,0,2,300,3,card,0
2025,4537,40,461,98187,self_employed,travel,1,4,9,84,0,bank_transfer,1
2026,5535,65,652,57510,self_employed,travel,6,1,8,28,1,bank_transfer,0
2027,8535,37,367,54137,employed,education,0,0,3,279,0,bank_transfer,0
2028,4207,55,472,99610,self_employed,medical,5,0,4,12,0,card,0
2029,660,21,560,88410,employed,business,4,0,2,307,3,bank_transfer,0
2030,8885,32,516,97212,employed,shopping,5,4,5,364,4,card,1
2031,5648,41,423,54632,employed,travel,6,2,3,150,5,bank_transfer,1
2032,1926,42,461,51790,self_employed,emergency,0,2,4,318,5,bank_transfer,1
2033,7729,18,500,98568,unemployed,travel,1,4,6,26,1,bank_transfer,1
2034,8425,24,753,45885,employed,medical,1,0,6,214,0,card,1
2035,3238,48,701,80214,self_employed,medical,2,0,8,314,3,bank_transfer,0
2036,7793,29,761,91544,employed,education,5,3,1,240,3,bank_transfer,0
2037,8364,59,574,59870,unemployed,education,5,1,3,222,5,card,0
2038,7942,22,505,63110,self_employed,emergency,4,1,7,68,3,paypal,1
2039,6821,61,339,20171,student,emergency,6,2,3,262,4,bank_transfer,1
2040,7102,67,572,24589,student,education,2,4,2,111,0,bank_transfer,1
2041,4325,59,392,33077,employed,shopping,4,0,9,130,2,card,0
2042,3078,55,341,79874,employed,emergency,7,1,5,159,5,crypto,1
2043,7473,29,764,87246,unemployed,education,0,4,2,280,5,bank_transfer,1
2044,6007,56,678,100772,employed,travel,0,4,1,291,1,bank_transfer,0
2045,6197,35,406,53227,self_employed,education,7,0,8,303,2,bank_transfer,1
2046,5756,19,627,29937,unemployed,shopping,5,4,2,31,4,card,1
2047,9084,27,364,24754,employed,education,6,1,0,89,5,card,1
2048,4359,32,664,40688,student,education,2,3,8,332,0,card,1
2049,8386,47,783,22048,unemployed,travel,7,1,4,118,2,card,0
2050,6001,61,323,37568,self_employed,emergency,6,3,6,130,2,bank_transfer,1
2051,9425,34,839,112583,employed,travel,3,4,1,207,5,card,1
2052,5017,21,361,90019,employed,travel,1,1,0,360,2,bank_transfer,0
2053,8529,24,790,32545,employed,education,7,0,5,59,1,bank_transfer,1
2054,2630,58,572,97949,student,travel,6,4,4,96,0,card,0
2055,2060,48,528,109449,student,medical,2,0,9,319,3,card,1
2056,7145,68,319,60217,self_employed,business,7,3,5,246,0,bank_transfer,1
2057,1148,56,302,63122,employed,business,6,2,1,145,5,card,1
2058,5872,51,720,48746,employed,travel,7,2,6,310,2,card,1
2059,2629,23,606,23709,student,emergency,2,3,0,125,0,bank_transfer,0
2060,3064,67,731,40358,self_employed,shopping,0,2,7,22,3,bank_transfer,1
2061,7237,55,435,26023,unemployed,travel,1,4,6,353,1,bank_transfer,1
2062,1063,62,814,110387,self_employed,emergency,6,4,6,285,0,bank_transfer,1
2063,636,68,492,43756,student,travel,6,1,5,207,0,paypal,1
2064,7440,51,714,78175,self_employed,education,6,4,9,258,1,card,1
2065,7279,61,417,69281,self_employed,emergency,7,2,4,298,1,crypto,1
2066,8067,32,508,64289,employed,shopping,2,0,8,52,5,bank_transfer,1
2067,8834,31,333,73097,unemployed,travel,7,1,2,38,2,bank_transfer,0
2068,945,23,617,91681,self_employed,medical,6,0,8,153,2,bank_transfer,0
2069,5877,67,419,101728,employed,emergency,0,2,4,333,5,bank_transfer,1
2070,3136,54,824,62259,employed,business,0,0,7,216,1,crypto,0
2071,6047,67,388,33839,employed,emergency,5,2,2,223,3,card,1
2072,2594,49,811,42410,employed,medical,7,4,6,143,2,card,1
2073,2819,20,346,26447,employed,medical,5,1,9,105,3,card,1
2074,1984,20,821,101569,employed,medical,2,3,3,10,1,card,0
2075,4449,39,583,90665,employed,shopping,2,2,4,242,0,bank_transfer,0
2076,5279,39,676,110894,employed,shopping,0,4,3,114,5,card,1
2077,6710,27,433,28907,student,emergency,5,0,8,233,1,paypal,1
2078,6530,68,547,36637,employed,shopping,6,4,6,69,1,bank_transfer,1
2079,7254,20,617,53196,self_employed,business,6,0,5,44,4,card,1
2080,6588,29,735,37369,employed,education,7,0,5,169,1,card,0
2081,4837,46,475,110017,employed,emergency,2,0,9,211,2,card,1
2082,6625,65,650,112217,employed,travel,1,0,6,276,0,paypal,0
2083,3950,34,442,17589,student,travel,0,1,4,107,3,bank_transfer,0
2084,789,24,697,38560,student,emergency,0,0,9,167,4,card,1
2085,5275,30,668,18034,employed,education,2,1,2,205,5,card,0
2086,8748,19,800,15169,self_employed,travel,2,3,2,119,2,card,0
2087,5178,21,669,107449,employed,emergency,2,1,6,109,0,card,0
2088,5548,27,681,18239,unemployed,emergency,7,0,9,239,3,bank_transfer,1
2089,1279,56,385,18415,unemployed,medical,6,3,0,8,0,bank_transfer,1
2090,9174,41,759,100488,self_employed,business,6,4,3,43,2,bank_transfer,0
2091,6506,34,624,91944,self_employed,travel,7,1,9,297,5,paypal,0
2092,8691,69,821,18484,student,business,1,4,7,132,5,card,1
2093,7007,23,788,68987,self_employed,emergency,7,3,3,206,0,bank_transfer,1
2094,8900,36,696,33225,self_employed,education,0,1,0,280,1,bank_transfer,0
2095,1738,22,654,95459,unemployed,emergency,3,0,4,239,0,card,0
2096,5771,49,587,76104,self_employed,travel,7,1,0,277,1,card,0
2097,7028,27,758,35936,self_employed,business,1,0,8,46,5,bank_transfer,1
2098,1482,26,835,54612,student,medical,1,2,7,198,2,card,1
2099,1503,44,590,99946,self_employed,medical,6,1,6,121,4,bank_transfer,1
2100,9111,30,467,110533,self_employed,emergency,7,1,4,300,1,bank_transfer,1
2101,3392,36,727,117269,employed,education,5,4,3,220,5,card,1
2102,9111,38,789,54952,employed,shopping,0,4,6,356,0,card,1
2103,519,41,654,73945,employed,travel,6,3,2,289,5,card,1
2104,4617,55,495,102399,employed,emergency,3,0,7,94,0,bank_transfer,1
2105,3402,21,844,20380,employed,medical,0,4,4,292,0,card,0
2106,7957,41,310,65298,unemployed,medical,1,3,4,153,5,paypal,1
2107,9800,52,555,101246,self_employed,education,2,0,0,13,2,paypal,0
2108,7970,20,695,95821,student,medical,0,0,9,207,3,card,1
2109,5793,21,708,42260,employed,travel,7,0,7,255,0,paypal,0
2110,867,54,661,47879,student,education,0,2,6,158,0,bank_transfer,1
2111,2144,57,558,31143,self_employed,business,2,0,0,270,1,card,0
2112,1649,65,302,64744,self_employed,education,3,3,3,306,4,bank_transfer,1
2113,6240,52,383,87949,employed,travel,3,0,3,68,5,bank_transfer,0
2114,3816,48,455,46578,employed,travel,0,0,8,257,0,card,0
2115,4581,61,475,95262,self_employed,business,6,3,9,189,2,card,1
2116,7998,42,771,72331,self_employed,emergency,7,1,1,3,3,card,0
2117,6648,57,723,107551,unemployed,education,2,0,3,237,3,card,0
2118,2393,30,433,78815,student,travel,5,3,9,132,3,card,1
2119,4937,21,679,86519,unemployed,travel,0,4,2,171,2,bank_transfer,0
2120,7858,63,576,34178,self_employed,business,2,3,9,270,3,card,1
2121,6893,31,535,107526,unemployed,shopping,1,2,4,89,5,card,1
2122,7738,30,312,90857,student,education,5,4,6,103,3,card,1
2123,8093,44,641,75197,employed,travel,2,1,4,125,1,paypal,0
2124,6107,23,334,51366,employed,medical,6,1,4,67,3,card,0
2125,5642,34,513,67955,employed,business,0,3,3,263,1,card,1
2126,9192,53,711,114830,employed,shopping,4,3,8,8,1,bank_transfer,1
2127,6456,57,704,115273,employed,shopping,3,0,5,44,1,bank_transfer,0
2128,8533,66,793,56911,employed,business,0,0,9,135,2,bank_transfer,0
2129,7480,52,458,98422,self_employed,shopping,2,2,5,248,0,card,1
2130,2485,34,409,68619,employed,travel,7,0,5,304,4,card,1
2131,4368,58,848,59296,employed,shopping,5,3,5,318,5,card,1
2132,771,19,825,37791,student,education,5,3,0,25,5,bank_transfer,0
2133,263,30,646,23301,student,medical,2,0,5,196,3,card,0
2134,8756,69,578,115658,unemployed,travel,7,2,3,192,4,card,1
2135,4692,19,778,118623,self_employed,business,3,3,1,122,0,bank_transfer,1
2136,4895,69,410,113529,employed,medical,0,2,5,260,1,card,1
2137,4898,45,730,50779,employed,emergency,5,3,0,47,1,bank_transfer,0
2138,6136,60,841,51894,employed,travel,5,2,0,209,1,card,0
2139,2455,43,414,113917,employed,medical,4,2,4,301,1,crypto,1
2140,5987,39,389,94618,employed,shopping,1,2,5,89,3,crypto,1
2141,8061,64,511,64250,unemployed,emergency,4,0,1,3,0,bank_transfer,0
2142,5927,60,849,85994,employed,business,1,1,9,145,0,crypto,0
2143,8837,20,838,56770,employed,business,5,2,7,22,0,card,1
2144,4819,52,659,37300,employed,education,1,2,3,39,4,bank_transfer,0
2145,693,29,785,83235,self_employed,shopping,0,3,3,295,5,card,1
2146,4939,41,671,44485,employed,education,5,1,9,107,1,bank_transfer,0
2147,7494,22,514,55285,employed,education,5,3,4,100,2,card,1
2148,9751,37,314,81555,employed,shopping,7,3,9,272,5,card,1
2149,3593,56,558,47471,employed,travel,1,2,3,229,0,crypto,0
2150,6264,56,762,63671,employed,emergency,2,4,4,285,4,card,1
2151,2772,30,419,35270,employed,education,1,1,9,206,3,bank_transfer,1
2152,4300,58,427,103151,employed,medical,1,3,2,71,1,bank_transfer,1
2153,116,62,822,28698,student,emergency,3,4,7,169,4,card,1
2154,3291,29,624,118882,self_employed,travel,3,4,5,185,5,bank_transfer,1
2155,492,30,619,87265,self_employed,shopping,0,3,7,333,2,card,1
2156,8716,27,805,54729,employed,business,0,2,4,208,2,paypal,0
2157,6372,50,825,26171,employed,travel,2,0,6,355,3,crypto,1
2158,671,57,349,94483,employed,education,3,3,9,271,0,bank_transfer,1
2159,3731,33,368,75684,employed,medical,4,2,6,346,0,paypal,1
2160,6272,62,690,70165,employed,emergency,0,1,5,135,4,card,1
2161,9412,52,682,64948,employed,shopping,0,2,9,146,5,card,1
2162,7277,20,315,49725,self_employed,business,3,4,3,345,4,card,1
2163,8533,22,738,34450,student,emergency,3,1,5,149,5,bank_transfer,1
2164,3997,43,431,28300,student,medical,2,1,8,116,0,card,0
2165,8223,28,547,99600,employed,business,7,0,3,187,0,bank_transfer,1
2166,2379,24,572,19441,self_employed,shopping,3,0,5,20,4,bank_transfer,1
2167,9080,27,648,34332,employed,emergency,7,3,5,338,1,card,1
2168,7551,59,783,35115,self_employed,travel,6,2,2,244,5,card,1
2169,9006,69,849,114405,employed,education,1,3,3,67,5,card,1
2170,875,51,656,102404,employed,shopping,5,0,2,62,2,bank_transfer,0
2171,6969,20,617,56997,student,medical,4,4,2,274,2,card,0
2172,2347,25,347,101151,self_employed,travel,5,0,9,347,3,card,1
2173,7188,48,309,28615,employed,emergency,1,2,3,110,2,bank_transfer,1
2174,178,28,532,29732,employed,business,6,4,3,56,5,card,1
2175,8180,62,335,40367,employed,travel,6,3,5,85,4,card,1
2176,7199,24,712,57738,unemployed,travel,1,3,3,264,1,bank_transfer,1
2177,4026,62,761,15981,self_employed,medical,5,0,5,107,4,bank_transfer,0
2178,9147,19,303,77881,unemployed,education,1,0,1,12,0,bank_transfer,0
2179,7440,23,343,73609,employed,travel,0,3,3,176,5,card,1
2180,7183,58,554,102090,self_employed,travel,6,3,1,359,0,card,0
2181,6330,49,413,105855,student,education,5,1,7,319,5,bank_transfer,1
2182,9323,37,696,96666,employed,education,7,2,8,27,2,card,1
2183,5040,51,473,99351,employed,business,1,1,6,291,1,paypal,1
2184,3371,67,554,23566,self_employed,emergency,7,1,5,130,5,card,1
2185,3556,33,765,106865,self_employed,business,0,3,7,227,3,card,1
2186,7888,42,576,86885,self_employed,education,3,2,3,136,4,card,1
2187,8699,29,763,25728,student,shopping,6,3,9,20,3,paypal,1
2188,7750,24,801,98911,student,education,4,1,1,264,3,bank_transfer,0
2189,2811,56,740,102350,self_employed,business,4,1,3,324,3,card,0
2190,1768,34,368,51214,employed,medical,1,3,4,159,3,bank_transfer,1
2191,247,62,808,72935,employed,medical,4,0,8,160,4,card,1
2192,6520,28,625,102081,student,emergency,0,0,4,342,0,bank_transfer,0
2193,465,23,366,60588,unemployed,travel,3,3,8,26,4,card,1
2194,9966,40,603,33953,employed,medical,1,4,8,81,0,card,1
2195,4631,44,783,83408,employed,business,2,4,7,18,0,card,1
2196,5430,63,847,89904,employed,medical,5,0,4,69,4,card,0
2197,5610,23,716,49103,employed,shopping,6,2,1,130,4,card,1
2198,8854,55,458,85949,employed,education,7,1,4,135,4,card,1
2199,9064,19,448,109805,self_employed,education,4,2,0,303,5,card,1
2200,6593,39,326,64264,employed,business,4,0,7,218,0,paypal,1
2201,5539,37,547,35156,student,travel,1,3,1,310,4,bank_transfer,1
2202,9865,42,400,28423,student,education,5,4,6,15,1,crypto,1
2203,6611,32,395,53062,unemployed,medical,5,0,1,186,2,card,0
2204,7604,66,683,57805,employed,shopping,4,2,4,195,2,card,0
2205,1346,46,581,16987,self_employed,travel,4,2,9,191,1,bank_transfer,1
2206,3939,25,621,77979,employed,travel,7,0,6,234,2,bank_transfer,0
2207,8651,54,695,52597,employed,travel,2,1,5,66,0,bank_transfer,0
2208,2476,66,577,98905,self_employed,education,5,2,4,81,4,bank_transfer,1
2209,3109,69,828,42868,student,emergency,0,1,5,36,4,bank_transfer,1
2210,9254,50,562,91970,employed,travel,6,1,1,235,5,bank_transfer,0
2211,1927,39,592,78805,unemployed,business,1,3,9,17,4,bank_transfer,1
2212,7079,67,593,95084,student,medical,1,0,0,2,1,crypto,0
2213,9905,64,694,31636,student,emergency,2,0,0,33,1,paypal,0
2214,9932,22,812,72467,student,shopping,6,1,7,349,0,card,0
2215,8669,56,479,112919,employed,medical,2,3,2,134,1,card,1
2216,4385,35,534,32007,student,business,0,2,2,356,5,card,1
2217,7010,55,636,116460,employed,business,3,2,8,344,4,card,1
2218,8661,54,307,110747,student,emergency,1,0,5,267,5,card,1
2219,2296,47,742,91864,employed,medical,5,1,3,5,0,card,0
2220,3847,68,838,18389,employed,education,6,3,3,286,0,card,0
2221,8943,48,390,24458,self_employed,business,4,3,6,347,4,bank_transfer,1
2222,6078,27,571,83481,employed,travel,6,2,5,91,3,card,1
2223,5707,32,304,89888,employed,shopping,0,2,1,152,4,bank_transfer,1
2224,869,59,518,91022,employed,shopping,7,4,8,118,0,card,1
2225,880,65,417,56400,student,business,1,4,1,61,3,paypal,1
2226,6403,61,414,82628,employed,travel,5,1,7,358,4,bank_transfer,1
2227,4083,35,562,66857,employed,medical,0,4,3,26,4,card,1
2228,9603,40,605,79367,employed,shopping,7,3,9,109,3,paypal,1
2229,8814,50,721,51527,employed,travel,3,4,0,295,3,card,1
2230,621,33,506,85648,employed,travel,5,0,0,210,2,paypal,0
2231,9227,55,602,31937,self_employed,education,1,0,8,259,5,bank_transfer,1
2232,7669,52,411,52672,employed,business,6,2,3,294,3,card,1
2233,5884,51,716,16112,employed,travel,4,2,0,42,1,card,0
2234,4683,45,584,50545,employed,medical,5,1,2,304,3,card,0
2235,6046,19,484,112276,employed,shopping,7,0,2,13,0,paypal,0
2236,5041,47,520,104017,employed,education,7,1,6,89,3,bank_transfer,1
2237,6367,30,743,63355,student,medical,1,1,5,88,4,card,0
2238,7228,58,416,90561,employed,shopping,7,4,7,312,1,bank_transfer,1
2239,2561,33,369,49082,employed,business,0,2,6,187,3,card,1
2240,785,22,369,75482,self_employed,medical,3,1,0,63,1,card,0
2241,2260,45,726,94098,employed,shopping,7,1,2,336,5,paypal,0
2242,7131,56,742,26304,self_employed,education,5,2,8,43,2,bank_transfer,1
2243,9859,62,436,71625,employed,shopping,0,2,3,233,1,card,1
2244,5441,37,803,87551,employed,travel,0,0,2,234,4,paypal,0
2245,138,41,430,59885,student,education,2,2,4,75,2,card,1
2246,4975,44,517,86246,employed,medical,0,4,7,253,3,card,1
2247,1356,47,470,27588,student,emergency,6,0,0,313,5,card,0
2248,7797,62,774,35967,self_employed,business,5,1,1,149,5,bank_transfer,0
2249,2296,44,428,102440,self_employed,education,3,4,6,182,5,bank_transfer,1
2250,7265,43,356,39256,student,education,4,4,0,207,1,card,1
2251,401,24,480,73348,student,education,2,0,4,181,2,bank_transfer,0
2252,7627,59,545,40052,self_employed,shopping,0,1,9,173,3,bank_transfer,1
2253,6481,64,443,95972,student,travel,5,0,7,241,5,bank_transfer,1
2254,746,55,350,102351,employed,emergency,6,3,5,164,5,paypal,1
2255,8889,22,667,73479,employed,business,6,3,2,63,5,card,0
2256,8953,40,758,95732,employed,business,6,0,6,235,5,card,1
2257,4430,45,517,75200,employed,travel,1,1,2,125,3,bank_transfer,1
2258,9660,51,556,98625,student,shopping,2,1,4,257,1,card,0
2259,7103,32,455,98140,employed,shopping,3,2,6,92,5,card,1
2260,3637,49,741,17506,employed,travel,1,4,1,225,5,card,1
2261,4658,43,324,113120,student,travel,7,0,9,195,1,bank_transfer,0
2262,6679,65,835,35709,employed,medical,3,4,3,207,2,card,0
2263,8574,48,359,73535,employed,shopping,1,4,1,288,1,card,1
2264,9778,36,766,59840,self_employed,education,4,3,6,215,3,card,1
2265,4182,26,733,75587,self_employed,business,3,3,2,186,4,bank_transfer,1
2266,4283,46,365,74321,student,shopping,1,0,8,126,2,bank_transfer,1
2267,8752,68,405,118783,employed,travel,7,0,5,282,4,card,1
2268,3854,56,395,58202,employed,education,6,1,0,255,5,bank_transfer,1
2269,1824,21,467,71588,self_employed,medical,7,0,9,61,4,bank_transfer,1
2270,1476,20,341,18090,employed,emergency,3,1,7,201,3,bank_transfer,1
2271,8806,46,403,119801,self_employed,medical,7,1,6,69,4,card,1
2272,8994,69,503,74231,student,education,2,0,0,285,0,bank_transfer,0
2273,1753,28,819,36552,employed,education,3,1,2,63,2,paypal,0
2274,2166,50,581,109671,employed,travel,5,4,2,134,3,card,1
2275,122,55,342,95227,employed,emergency,3,1,2,239,1,card,0
2276,2560,28,409,48741,self_employed,travel,1,4,6,252,3,card,1
2277,6026,44,509,36661,employed,business,7,4,5,361,1,bank_transfer,1
2278,6351,50,348,56025,employed,emergency,7,4,1,187,3,bank_transfer,1
2279,9596,38,414,21092,student,emergency,3,2,4,21,0,card,1
2280,7395,56,454,50674,employed,business,4,2,5,343,2,card,1
2281,3400,48,802,15570,employed,medical,0,1,1,291,5,paypal,0
2282,6379,55,370,27084,student,education,2,0,0,308,5,bank_transfer,0
2283,8653,63,818,80843,employed,medical,5,1,3,46,4,paypal,0
2284,7453,19,635,75752,self_employed,travel,6,2,3,194,3,paypal,1
2285,3827,44,366,84278,self_employed,shopping,1,3,3,57,2,card,1
2286,6372,53,792,109328,employed,travel,6,3,0,42,2,card,0
2287,6095,28,512,15765,unemployed,shopping,6,1,2,333,2,bank_transfer,1
2288,9576,64,480,39198,employed,education,7,2,6,235,2,card,1
2289,614,35,547,76201,unemployed,education,3,4,3,354,2,card,1
2290,548,18,513,88271,employed,emergency,3,2,1,16,4,card,1
2291,6119,52,658,96738,employed,education,3,1,7,133,5,paypal,0
2292,5443,52,548,62199,employed,business,7,2,0,1,4,card,1
2293,8133,48,815,26377,employed,business,2,3,8,232,3,card,1
2294,2620,45,387,94833,self_employed,shopping,5,4,4,150,5,bank_transfer,1
2295,3181,56,475,23036,self_employed,medical,0,1,1,304,5,paypal,0
2296,1528,18,725,55364,student,emergency,4,1,3,122,1,paypal,0
2297,4067,42,380,104905,employed,medical,5,0,2,282,3,bank_transfer,1
2298,6545,60,437,115353,employed,shopping,4,4,6,290,2,card,1
2299,9214,55,732,52443,self_employed,business,6,1,5,314,1,card,0
2300,2259,37,769,16663,employed,travel,5,2,8,213,5,paypal,1
2301,5232,20,649,54244,self_employed,emergency,1,2,3,281,3,bank_transfer,1
2302,2647,68,425,73391,self_employed,shopping,0,2,2,140,1,bank_transfer,1
2303,3079,19,608,92564,employed,medical,0,2,6,159,5,card,1
2304,2749,35,529,100359,student,shopping,2,1,5,27,4,card,1
2305,8605,61,759,30077,self_employed,shopping,7,3,4,342,2,bank_transfer,0
2306,3183,27,644,72849,self_employed,education,5,4,9,162,1,paypal,1
2307,1137,22,609,34631,employed,business,3,2,6,118,0,crypto,1
2308,3589,26,319,67652,employed,emergency,0,1,4,337,2,paypal,0
2309,7704,19,840,82446,employed,education,5,1,8,75,4,bank_transfer,1
2310,7644,51,776,48500,employed,business,3,2,3,93,4,bank_transfer,1
2311,2734,55,568,34897,employed,shopping,2,0,0,34,3,paypal,0
2312,4083,48,302,73915,student,business,6,1,9,115,5,card,1
2313,1878,27,315,52377,self_employed,medical,6,4,4,113,0,crypto,1
2314,8002,67,657,91670,self_employed,emergency,5,4,0,60,1,bank_transfer,1
2315,5210,29,432,117760,employed,education,5,0,0,282,3,crypto,0
2316,5289,53,611,41897,unemployed,emergency,1,1,0,237,4,bank_transfer,1
2317,7478,38,781,62280,employed,shopping,5,0,0,126,1,card,0
2318,1224,66,843,116639,student,medical,1,1,7,45,4,card,1
2319,797,64,604,72320,unemployed,business,3,1,1,288,4,card,0
2320,2279,23,568,87592,self_employed,business,7,0,8,229,0,card,0
2321,9696,65,713,109486,unemployed,medical,6,3,6,197,2,card,1
2322,5351,66,324,83289,self_employed,business,7,2,2,212,1,bank_transfer,0
2323,9335,20,615,46941,employed,education,3,2,8,71,0,card,1
2324,2029,27,575,114676,employed,travel,6,2,3,235,5,card,1
2325,1113,22,688,29234,employed,business,6,0,6,279,4,crypto,0
2326,326,63,743,90172,employed,shopping,0,1,2,167,4,card,0
2327,7421,43,726,18376,self_employed,business,2,1,4,195,0,paypal,0
2328,1928,38,356,45783,employed,emergency,7,4,3,173,5,card,1
2329,8009,62,667,56249,student,shopping,1,1,5,195,1,paypal,0
2330,5688,43,641,58025,employed,business,6,3,8,63,4,card,1
2331,2123,55,603,31447,employed,business,0,2,4,70,5,bank_transfer,1
2332,5066,61,673,100865,unemployed,shopping,7,3,0,223,1,bank_transfer,0
2333,5991,43,411,31713,employed,education,4,2,4,310,0,paypal,1
2334,1180,25,305,19858,self_employed,travel,0,0,4,283,4,card,0
2335,5136,22,578,66115,student,travel,3,3,8,349,3,card,1
2336,2663,32,681,100008,employed,education,4,1,7,79,3,paypal,1
2337,3392,33,312,74834,employed,business,7,2,4,36,4,card,1
2338,3686,18,602,97060,employed,travel,0,4,4,195,2,card,0
2339,4531,33,459,19539,student,education,5,3,1,217,4,bank_transfer,1
2340,6941,54,453,78983,self_employed,education,2,0,8,288,4,card,1
2341,6743,20,480,33857,employed,travel,1,4,3,149,4,card,1
2342,4059,69,825,118898,student,shopping,5,0,6,273,0,card,0
2343,261,64,479,117207,employed,medical,4,2,9,201,4,card,1
2344,693,48,676,20364,student,shopping,6,3,5,154,4,bank_transfer,1
2345,3490,30,467,80985,student,business,2,0,4,22,0,card,0
2346,6097,33,513,74169,student,shopping,6,4,4,297,4,bank_transfer,1
2347,6454,60,449,101366,student,emergency,0,4,6,315,3,paypal,1
2348,763,38,315,36078,employed,medical,5,1,1,215,3,card,0
2349,9424,19,390,52574,unemployed,medical,3,0,8,331,5,paypal,1
2350,641,44,419,15869,employed,education,7,3,1,122,4,paypal,1
2351,5533,55,552,119383,self_employed,emergency,3,3,8,266,0,bank_transfer,1
2352,5193,43,359,77624,employed,business,2,1,3,343,4,crypto,0
2353,967,55,565,55075,unemployed,education,3,4,9,261,4,card,1
2354,8723,63,708,108676,self_employed,shopping,1,0,9,55,5,paypal,1
2355,5569,42,330,18659,student,shopping,7,4,5,282,1,bank_transfer,1
2356,6356,28,320,51370,employed,travel,6,0,0,260,5,card,0
2357,9498,25,588,73185,student,education,2,0,4,363,2,bank_transfer,0
2358,1269,25,842,94921,student,emergency,7,0,5,283,0,bank_transfer,0
2359,930,50,797,58751,self_employed,education,2,4,8,230,2,card,0
2360,1751,24,773,77758,employed,education,3,4,8,126,1,card,1
2361,1236,55,704,99873,employed,education,2,4,8,259,2,bank_transfer,1
2362,2910,38,847,20131,employed,medical,0,2,2,50,4,bank_transfer,1
2363,8767,25,431,16358,employed,travel,4,4,3,224,3,bank_transfer,1
2364,9618,68,623,106150,employed,business,5,1,7,282,0,bank_transfer,0
2365,1119,38,431,72371,employed,business,4,2,7,146,0,card,1
2366,5337,37,820,97307,employed,business,7,0,1,45,4,card,0
2367,1383,25,329,94139,employed,medical,6,3,7,262,5,paypal,1
2368,759,63,600,31246,employed,travel,5,2,6,234,2,paypal,1
2369,2110,48,303,32216,unemployed,emergency,3,2,8,53,0,bank_transfer,1
2370,8690,67,624,56209,employed,travel,7,0,4,235,5,crypto,0
2371,1833,46,808,57987,employed,medical,1,4,1,196,1,paypal,0
2372,2225,65,536,35577,employed,emergency,1,4,4,4,1,card,0
2373,2271,26,834,57320,self_employed,education,3,2,1,60,2,card,0
2374,8366,32,315,26301,unemployed,shopping,6,4,4,173,1,card,1
2375,3571,47,833,90051,employed,education,3,2,8,72,3,bank_transfer,1
2376,9128,43,745,107338,employed,business,2,3,6,75,4,bank_transfer,1
2377,5724,27,802,15891,unemployed,education,1,3,6,322,0,card,1
2378,8791,46,529,36972,employed,medical,7,0,0,22,5,paypal,1
2379,8429,33,406,65457,employed,business,4,1,8,209,4,bank_transfer,1
2380,2197,53,688,69435,employed,shopping,3,1,5,51,2,bank_transfer,0
2381,5168,37,562,35932,employed,emergency,6,4,6,145,4,card,1
2382,6497,62,364,19192,unemployed,emergency,7,1,1,349,0,card,1
2383,2857,54,564,31128,employed,business,6,3,0,305,5,bank_transfer,1
2384,4020,39,637,37836,unemployed,education,4,0,3,272,0,paypal,0
2385,8286,24,600,39837,unemployed,travel,5,3,8,44,2,paypal,1
2386,2000,40,677,37778,self_employed,travel,4,2,8,107,0,bank_transfer,1
2387,2710,58,474,58130,employed,emergency,6,4,2,150,1,card,1
2388,7000,57,451,31708,employed,travel,1,4,0,94,5,card,1
2389,1549,46,775,39232,employed,business,5,1,1,264,5,paypal,0
2390,8838,33,565,72266,employed,travel,7,2,8,110,4,card,1
2391,5117,55,628,54412,self_employed,medical,4,1,8,18,3,bank_transfer,0
2392,8099,45,462,19782,employed,emergency,2,1,0,238,3,bank_transfer,0
2393,6152,65,737,76196,unemployed,shopping,2,1,8,336,3,card,0
2394,2196,55,642,41315,employed,travel,1,2,0,239,2,card,0
2395,8995,48,666,25052,self_employed,medical,7,1,9,212,3,paypal,1
2396,6504,31,764,34521,student,medical,2,4,3,231,5,paypal,0
2397,9917,50,498,84434,employed,business,3,1,4,328,5,paypal,1
2398,3431,26,799,97755,employed,emergency,5,2,7,350,4,card,1
2399,7562,44,315,84690,employed,business,1,2,4,294,0,card,1
2400,5205,41,595,50546,employed,shopping,5,3,4,81,1,crypto,1
2401,3078,30,810,94345,employed,shopping,7,1,3,255,3,card,0
2402,2939,43,538,40972,employed,education,6,2,8,232,3,bank_transfer,1
2403,3484,46,600,119713,employed,shopping,4,1,7,363,3,card,1
2404,785,68,305,93059,unemployed,emergency,3,0,8,209,1,bank_transfer,1
2405,7631,66,519,79385,employed,emergency,1,4,6,298,4,card,1
2406,4383,60,752,117617,employed,business,4,4,6,21,3,paypal,1
2407,7836,45,732,37030,employed,medical,4,1,4,238,0,crypto,0
2408,7810,45,685,55376,employed,education,4,4,9,261,2,card,1
2409,1719,25,594,100641,employed,shopping,4,4,0,273,1,card,0
2410,6968,40,417,104831,unemployed,medical,4,0,5,280,4,bank_transfer,1
2411,1531,46,704,92400,employed,business,1,4,9,150,5,card,1
2412,9167,22,311,93412,employed,travel,2,4,5,315,0,crypto,1
2413,4813,59,508,33055,employed,education,4,2,9,152,1,card,1
2414,9657,24,464,114220,employed,emergency,6,4,3,282,5,card,1
2415,9535,59,593,102508,employed,medical,6,1,1,61,1,bank_transfer,0
2416,5098,53,818,40493,self_employed,business,3,4,0,136,2,bank_transfer,0
2417,262,58,377,89861,employed,business,1,1,2,12,2,bank_transfer,0
2418,2074,44,733,51775,employed,education,0,4,8,14,5,card,1
2419,3391,63,376,66057,self_employed,education,2,1,0,30,5,card,0
2420,8561,19,347,100909,employed,shopping,3,4,4,355,4,card,1
2421,731,42,381,51253,employed,shopping,6,1,9,318,3,card,1
2422,1005,26,508,101717,unemployed,emergency,4,4,5,287,5,paypal,1
2423,2114,44,744,66884,employed,emergency,1,0,8,220,2,card,0
2424,9933,18,821,91497,student,education,1,2,0,238,4,card,1
2425,7996,40,328,32705,employed,education,4,2,4,27,1,bank_transfer,1
2426,304,27,603,59676,employed,medical,6,2,0,257,3,card,1
2427,681,59,764,116658,employed,shopping,3,2,1,297,0,paypal,0
2428,5775,69,801,106640,employed,business,1,0,1,142,1,bank_transfer,0
2429,9132,42,745,94045,employed,shopping,5,0,4,250,4,card,0
2430,5447,20,789,22101,employed,shopping,6,4,9,74,0,paypal,1
2431,2743,23,727,77495,student,education,6,0,3,298,1,bank_transfer,0
2432,8117,23,658,19743,self_employed,education,2,2,5,199,2,bank_transfer,1
2433,2397,19,390,23951,employed,shopping,3,3,4,296,4,paypal,1
2434,974,35,352,22014,self_employed,travel,6,4,1,14,0,paypal,1
2435,5660,40,503,51180,student,travel,7,1,8,100,5,card,1
2436,789,19,455,71977,self_employed,emergency,4,2,9,91,2,card,1
2437,4100,29,301,74534,employed,shopping,7,2,7,191,5,card,1
2438,9714,39,656,78209,student,travel,6,2,8,362,5,bank_transfer,1
2439,771,54,357,56908,employed,emergency,7,0,5,305,0,paypal,1
2440,8027,37,553,65918,employed,emergency,3,1,4,106,3,card,1
2441,1271,56,479,23219,employed,shopping,7,4,4,7,3,card,1
2442,5691,41,792,22163,student,emergency,5,2,1,81,4,paypal,0
2443,9235,65,334,17470,unemployed,education,6,1,3,253,0,card,1
2444,6442,37,374,31543,unemployed,education,3,3,1,140,3,card,1
2445,1549,18,588,34276,employed,education,6,0,1,357,1,card,0
2446,2639,18,670,51881,unemployed,business,0,2,7,311,1,card,1
2447,4059,34,628,93950,employed,education,7,1,3,7,3,crypto,0
2448,6385,18,603,22749,employed,education,7,1,3,152,5,crypto,0
2449,5532,69,520,39182,employed,shopping,4,2,6,290,5,card,1
2450,4360,62,463,92450,employed,travel,2,1,3,126,3,crypto,0
2451,2461,47,779,95543,self_employed,travel,4,1,8,285,4,card,0
2452,6264,58,754,111487,employed,education,0,4,8,282,5,paypal,1
2453,3770,64,674,113144,unemployed,education,4,0,2,74,4,card,0
2454,1853,20,519,36383,employed,education,4,4,5,45,1,paypal,1
2455,8200,63,553,93578,employed,emergency,2,0,6,17,2,card,0
2456,2038,28,487,40412,unemployed,shopping,7,0,2,233,0,card,0
2457,8662,41,490,28181,employed,shopping,0,4,3,164,2,paypal,1
2458,6076,39,688,59898,self_employed,shopping,4,2,0,63,4,card,1
2459,6688,61,514,74630,self_employed,travel,5,1,8,93,5,crypto,1
2460,8716,62,674,18405,employed,business,6,3,6,322,2,card,1
2461,6404,43,385,111404,self_employed,travel,4,4,9,92,4,card,1
2462,7445,30,773,25862,employed,shopping,1,4,6,42,2,paypal,1
2463,7975,18,830,69679,student,medical,4,2,8,241,1,bank_transfer,1
2464,9186,41,346,43688,employed,business,2,1,5,327,4,card,1
2465,6733,27,364,63017,employed,education,1,4,7,255,1,card,1
2466,697,52,774,111481,employed,emergency,5,3,4,331,2,bank_transfer,0
2467,3162,41,445,27939,employed,travel,6,1,7,71,3,card,1
2468,2436,45,681,109467,self_employed,emergency,5,4,9,299,3,bank_transfer,1
2469,9979,53,365,119152,unemployed,business,5,4,0,216,0,bank_transfer,1
2470,672,33,816,54585,self_employed,medical,0,0,2,311,3,bank_transfer,0
2471,7621,57,392,119447,employed,business,5,0,3,56,0,crypto,0
2472,6271,33,725,37942,unemployed,travel,3,4,8,79,2,bank_transfer,1
2473,7197,34,767,20272,employed,shopping,2,2,7,339,0,card,1
2474,2190,68,393,59134,self_employed,education,0,0,7,121,0,card,0
2475,6666,32,432,39265,self_employed,shopping,1,4,1,202,0,bank_transfer,1
2476,4724,33,733,63192,employed,shopping,3,1,6,328,1,card,0
2477,1733,32,640,43668,student,travel,0,3,2,257,0,card,0
2478,1617,51,613,96560,employed,shopping,2,0,5,130,5,paypal,0
2479,3748,28,511,112435,self_employed,shopping,1,4,3,349,4,paypal,1
2480,1637,18,819,84283,self_employed,travel,2,0,5,42,2,bank_transfer,0
2481,3237,32,458,24297,unemployed,travel,2,1,3,74,1,bank_transfer,0
2482,7085,43,567,79005,student,medical,1,2,2,234,4,card,1
2483,197,68,773,73434,employed,shopping,5,4,1,9,2,bank_transfer,0
2484,3850,21,709,79749,self_employed,business,4,1,3,31,1,paypal,0
2485,8635,60,773,16607,employed,education,2,3,9,96,2,bank_transfer,1
2486,8274,22,655,74183,employed,emergency,5,4,1,258,3,card,1
2487,8203,52,492,101994,unemployed,education,6,3,6,280,2,bank_transfer,1
2488,5513,30,570,71305,unemployed,travel,1,2,0,229,3,bank_transfer,1
2489,4766,27,413,42973,student,emergency,2,4,0,245,3,card,1
2490,710,28,822,38117,employed,travel,4,4,4,198,5,card,1
2491,1827,35,354,96986,student,medical,6,1,6,232,2,bank_transfer,1
2492,1954,51,364,96071,unemployed,shopping,1,0,0,299,3,bank_transfer,1
2493,5155,56,571,109891,employed,travel,7,4,3,51,5,paypal,1
2494,2424,58,801,22645,employed,travel,0,2,4,217,1,card,0
2495,9469,59,661,57238,student,education,0,4,1,174,3,card,1
2496,9383,67,445,84694,self_employed,shopping,7,4,6,75,0,card,1
2497,5874,40,508,56773,unemployed,medical,5,4,3,99,1,bank_transfer,1
2498,6619,24,585,31786,employed,travel,0,4,7,1,5,bank_transfer,1
2499,1849,56,309,55693,self_employed,travel,3,2,0,124,1,paypal,1
2500,881,20,485,111447,student,travel,7,1,9,117,1,bank_transfer,1
2501,7648,29,763,41578,employed,education,2,0,0,343,0,crypto,0
2502,6923,24,433,61408,student,travel,2,2,0,195,0,card,1
2503,2205,66,470,84702,employed,travel,1,2,3,233,0,card,1
2504,3967,43,512,99845,employed,education,3,3,0,129,0,card,1
2505,7293,50,829,30076,employed,travel,2,0,4,63,5,bank_transfer,0
2506,5076,54,801,34377,employed,shopping,1,1,5,236,0,card,0
2507,2213,65,326,24278,self_employed,shopping,4,1,6,332,5,bank_transfer,1
2508,5979,32,367,79808,unemployed,education,2,3,7,230,5,card,1
2509,4070,19,707,48539,employed,shopping,5,3,7,190,4,card,1
2510,9359,58,408,26440,employed,emergency,2,2,1,189,4,bank_transfer,1
2511,7364,24,373,41245,employed,emergency,4,1,3,168,0,card,1
2512,1677,49,561,37097,self_employed,emergency,4,1,6,95,5,paypal,1
2513,9303,21,667,88703,unemployed,medical,2,1,8,157,1,paypal,0
2514,2374,37,536,82092,self_employed,travel,4,2,8,291,3,card,1
2515,4969,67,665,16151,self_employed,medical,1,1,2,348,3,paypal,0
2516,6844,53,585,36698,self_employed,shopping,2,4,6,341,4,bank_transfer,1
2517,2526,49,677,32601,employed,education,2,3,3,139,0,bank_transfer,0
2518,5646,45,675,41807,self_employed,emergency,0,3,8,191,2,card,1
2519,6952,30,375,60302,self_employed,education,5,3,6,56,3,bank_transfer,1
2520,2651,18,308,100864,self_employed,medical,2,3,5,7,5,card,1
2521,6511,52,495,23039,student,shopping,6,4,8,51,5,card,1
2522,107,65,589,62427,student,travel,0,0,6,39,3,card,1
2523,8187,47,360,86839,student,shopping,4,1,7,298,1,bank_transfer,1
2524,2655,53,688,73049,unemployed,emergency,5,3,4,72,3,bank_transfer,1
2525,575,42,307,34053,unemployed,shopping,5,1,3,256,4,paypal,1
2526,5516,33,668,112180,self_employed,education,4,1,0,309,0,bank_transfer,0
2527,8776,36,344,116281,employed,business,1,4,7,91,0,crypto,1
2528,7339,18,643,101298,employed,emergency,7,1,5,149,5,bank_transfer,1
2529,6810,22,674,104147,student,travel,7,3,3,30,3,card,1
2530,5100,68,326,70413,employed,emergency,0,1,2,123,2,bank_transfer,0
2531,4754,39,492,80958,employed,emergency,2,4,4,237,4,bank_transfer,1
2532,8178,41,656,46275,employed,travel,0,3,3,280,5,bank_transfer,1
2533,6163,60,361,41597,self_employed,emergency,4,4,6,125,3,bank_transfer,1
2534,2385,62,361,92521,employed,education,4,2,5,134,4,bank_transfer,1
2535,5323,69,721,109243,employed,shopping,6,0,2,6,2,card,0
2536,7071,54,679,83908,employed,education,7,1,9,197,5,bank_transfer,1
2537,3625,53,576,96619,self_employed,shopping,1,1,0,190,4,card,0
2538,2922,53,730,70188,employed,business,7,1,6,291,5,card,1
2539,5043,21,414,49710,employed,emergency,5,2,4,236,4,bank_transfer,1
2540,6630,53,420,106352,self_employed,business,5,0,0,79,4,bank_transfer,1
2541,358,69,824,90486,self_employed,medical,4,4,0,35,5,card,1
2542,382,35,715,64050,employed,shopping,0,2,5,304,0,bank_transfer,1
2543,1998,67,462,64249,self_employed,education,5,2,3,361,2,bank_transfer,1
2544,4235,33,636,49247,employed,education,6,3,7,72,5,card,1
2545,6729,58,678,85162,student,emergency,6,2,1,43,0,bank_transfer,0
2546,3300,35,623,41408,employed,education,2,2,3,291,1,card,0
2547,5210,39,472,91313,employed,medical,2,1,7,133,3,bank_transfer,1
2548,7267,19,363,85683,student,travel,0,3,7,287,5,card,1
2549,712,38,400,20443,self_employed,education,7,4,4,106,0,bank_transfer,0
2550,787,53,621,15079,employed,emergency,7,0,2,159,5,paypal,0
2551,3790,61,365,111818,employed,business,1,4,3,357,5,paypal,0
2552,8904,56,757,53345,student,education,2,3,2,8,5,bank_transfer,1
2553,2407,64,752,27901,student,education,0,1,1,262,4,card,0
2554,7233,56,558,82759,employed,education,0,0,3,343,1,card,0
2555,6609,46,725,115873,self_employed,emergency,4,4,8,80,2,bank_transfer,1
2556,6006,43,477,57732,employed,travel,5,0,5,44,2,card,0
2557,2691,38,579,94304,employed,education,4,0,3,177,5,paypal,0
2558,7283,34,643,32507,employed,travel,5,0,0,64,0,card,0
2559,5348,33,316,96785,employed,travel,1,2,6,288,5,card,1
2560,8866,48,595,50391,employed,medical,1,3,1,309,4,bank_transfer,1
2561,5208,68,501,49171,employed,business,1,3,5,113,4,bank_transfer,1
2562,3704,26,493,66730,employed,education,0,1,9,319,5,card,1
2563,769,48,448,22485,employed,education,0,4,0,208,2,paypal,1
2564,4464,31,674,110320,employed,education,7,1,6,226,4,bank_transfer,1
2565,7429,66,334,105153,employed,travel,4,4,3,333,3,paypal,1
2566,1383,54,668,52748,student,shopping,2,0,2,278,0,bank_transfer,0
2567,1023,19,328,18878,employed,business,6,4,9,287,0,bank_transfer,1
2568,1225,69,520,16949,self_employed,emergency,5,4,6,280,4,card,1
2569,1629,65,352,100380,employed,education,5,0,2,3,2,bank_transfer,0
2570,9886,63,652,35881,employed,shopping,1,1,7,33,5,bank_transfer,1
2571,8538,31,691,66306,self_employed,shopping,7,4,3,307,3,card,1
2572,3811,50,375,102150,unemployed,shopping,5,1,2,214,3,card,0
2573,8104,52,793,104364,employed,business,3,1,6,30,5,bank_transfer,1
2574,9852,56,821,24958,employed,shopping,1,3,6,25,3,card,1
2575,6374,64,416,74185,self_employed,emergency,6,0,8,28,1,card,0
2576,3964,68,579,23697,unemployed,education,5,0,9,97,4,card,1
2577,7933,37,474,102160,unemployed,emergency,4,2,6,87,3,card,1
2578,6888,19,594,30493,employed,education,5,1,5,26,4,bank_transfer,1
2579,326,68,750,57801,employed,medical,0,2,2,120,2,card,0
2580,364,58,817,36199,self_employed,travel,4,0,3,201,2,card,0
2581,9687,36,320,80792,self_employed,shopping,4,0,7,357,5,card,1
2582,745,54,372,49488,self_employed,emergency,4,2,5,353,2,bank_transfer,1
2583,7644,35,335,45493,student,travel,3,0,8,15,1,bank_transfer,1
2584,5669,33,806,64002,self_employed,travel,3,0,7,305,2,card,0
2585,3090,21,532,38731,employed,travel,5,3,7,254,4,bank_transfer,1
2586,2604,29,796,22076,employed,travel,1,4,9,111,0,card,1
2587,9446,46,505,16071,self_employed,travel,7,3,9,8,0,paypal,1
2588,687,24,725,114926,employed,education,5,4,6,341,4,card,1
2589,9277,31,343,82602,employed,business,5,3,9,128,0,paypal,1
2590,4179,29,390,106181,employed,shopping,7,3,0,186,3,card,1
2591,3448,52,769,56410,employed,shopping,7,1,4,14,0,bank_transfer,0
2592,6399,22,766,114201,employed,education,5,2,6,230,1,card,1
2593,3931,34,753,69327,student,emergency,7,3,9,91,2,card,1
2594,9533,59,632,109948,employed,education,6,1,8,4,0,bank_transfer,0
2595,8481,49,806,76072,employed,travel,0,3,3,152,0,bank_transfer,0
2596,9272,27,769,112371,employed,business,4,2,7,219,5,card,1
2597,9990,60,320,56041,employed,shopping,2,1,0,76,1,bank_transfer,1
2598,1815,34,527,68326,unemployed,emergency,6,4,3,284,5,card,1
2599,6550,22,675,53549,student,medical,1,2,3,355,1,paypal,0
2600,5533,62,429,68096,employed,education,1,0,1,216,0,paypal,0
2601,1198,59,713,70578,self_employed,medical,4,1,2,159,3,card,0
2602,7196,26,370,61390,employed,shopping,1,0,2,251,0,bank_transfer,0
2603,2426,66,703,61052,unemployed,education,4,1,8,67,3,card,1
2604,9187,50,696,58167,employed,shopping,1,4,6,222,5,bank_transfer,1
2605,6516,53,636,69587,employed,education,5,1,1,192,2,bank_transfer,0
2606,7080,53,804,76292,self_employed,emergency,0,3,8,219,4,bank_transfer,1
2607,6863,35,575,107114,student,shopping,6,0,7,17,2,card,0
2608,1774,26,312,90419,employed,medical,6,0,5,107,0,crypto,1
2609,8050,46,302,57139,self_employed,business,1,1,5,227,0,paypal,1
2610,9222,67,523,102753,employed,emergency,6,3,1,81,3,bank_transfer,1
2611,9015,31,474,25707,unemployed,emergency,1,3,2,267,1,card,1
2612,6149,42,684,28140,employed,education,7,1,5,166,5,card,1
2613,1189,32,540,26093,unemployed,medical,7,2,2,357,5,bank_transfer,1
2614,4678,23,846,97036,employed,shopping,7,4,6,234,5,paypal,1
2615,9227,59,313,119089,employed,medical,2,1,4,162,3,paypal,0
2616,255,46,494,87043,unemployed,emergency,6,3,3,175,1,card,1
2617,9362,32,696,113122,unemployed,education,0,4,7,160,1,bank_transfer,1
2618,2058,46,730,20830,self_employed,medical,6,1,1,363,1,bank_transfer,0
2619,6444,21,605,45608,employed,shopping,5,4,2,185,1,card,0
2620,5879,35,633,117865,employed,travel,0,2,9,174,0,card,1
2621,6244,67,709,62287,employed,emergency,6,3,3,238,4,card,1
2622,5163,66,302,105047,employed,business,0,2,9,163,5,bank_transfer,1
2623,3930,61,751,48427,self_employed,business,6,2,5,238,4,paypal,1
2624,9146,56,794,99042,employed,emergency,1,3,4,106,2,paypal,1
2625,8931,33,716,43395,self_employed,travel,3,2,4,118,2,bank_transfer,0
2626,9894,28,690,107662,self_employed,education,7,1,6,232,2,card,0
2627,6759,31,672,110002,employed,medical,1,1,7,76,3,bank_transfer,0
2628,541,20,351,32970,self_employed,medical,4,4,5,5,2,paypal,1
2629,6140,68,675,85218,self_employed,travel,7,1,2,218,5,bank_transfer,0
2630,6025,67,694,91475,self_employed,travel,6,1,3,282,2,card,0
2631,7458,59,441,89362,employed,shopping,2,4,0,333,2,paypal,0
2632,4728,55,385,38371,self_employed,shopping,0,0,4,236,0,paypal,0
2633,6470,62,763,110482,employed,business,4,3,9,323,2,paypal,1
2634,9628,59,345,104895,employed,education,5,1,7,32,4,paypal,1
2635,1048,35,537,34266,student,education,7,4,2,177,0,card,0
2636,8279,37,309,118553,self_employed,travel,4,2,9,119,1,paypal,1
2637,6215,65,829,34195,employed,business,7,2,3,190,3,bank_transfer,1
2638,559,42,477,42315,self_employed,business,3,1,3,102,0,card,0
2639,7668,55,305,98804,unemployed,shopping,6,3,5,79,0,bank_transfer,1
2640,4746,30,606,90246,employed,medical,0,4,8,322,4,bank_transfer,1
2641,492,21,847,56581,student,education,1,4,9,139,5,card,1
2642,1887,31,626,60537,self_employed,business,0,4,2,336,5,crypto,1
2643,7474,50,655,94697,student,shopping,7,4,3,226,2,card,0
2644,1238,45,694,112357,employed,shopping,2,4,5,266,1,paypal,1
2645,4841,69,599,90265,employed,shopping,0,3,5,333,4,card,1
2646,7518,54,825,107449,unemployed,medical,4,4,6,224,4,card,1
2647,6462,25,584,37184,employed,business,4,3,0,60,0,card,1
2648,2554,61,629,38279,employed,travel,1,3,8,264,1,bank_transfer,1
2649,9758,51,349,41570,self_employed,travel,1,3,1,48,4,card,1
2650,3774,61,677,58030,employed,shopping,1,2,3,81,5,crypto,1
2651,1477,22,837,77245,student,shopping,5,0,2,297,3,bank_transfer,0
2652,6801,22,443,70467,self_employed,medical,6,1,2,8,3,bank_transfer,0
2653,2697,48,359,50133,student,shopping,2,2,4,349,4,card,1
2654,241,62,374,93731,student,emergency,5,0,6,249,0,bank_transfer,1
2655,2759,26,302,58805,employed,business,7,2,6,244,3,paypal,1
2656,4696,59,747,58998,employed,shopping,5,3,6,165,0,card,1
2657,9131,49,574,32238,student,shopping,5,3,2,347,2,card,1
2658,5761,50,829,96088,employed,business,7,4,8,320,2,bank_transfer,1
2659,6242,20,514,83264,unemployed,education,0,3,5,187,0,paypal,1
2660,5726,47,784,63245,self_employed,emergency,3,2,9,249,4,bank_transfer,1
2661,8887,67,628,38557,employed,emergency,7,1,7,127,2,card,0
2662,8572,29,554,85474,student,travel,6,3,0,88,5,bank_transfer,1
2663,523,46,686,111738,employed,shopping,0,0,3,45,2,paypal,0
2664,7099,20,425,80667,employed,business,7,2,6,282,5,card,1
2665,4349,43,849,106228,self_employed,travel,1,0,8,246,3,card,1
2666,1850,47,623,100513,student,medical,7,4,2,218,4,card,1
2667,4857,26,503,80074,employed,education,2,4,5,15,0,card,1
2668,2067,43,471,73204,employed,shopping,7,1,7,256,2,card,1
2669,4188,19,516,113597,employed,education,5,2,2,314,4,card,1
2670,4278,20,544,107800,employed,shopping,0,1,5,177,2,bank_transfer,1
2671,7889,63,635,40575,employed,shopping,6,0,8,335,3,card,1
2672,3046,21,597,95263,employed,shopping,4,1,8,215,4,card,1
2673,9741,42,481,91024,self_employed,education,6,0,5,25,1,paypal,1
2674,5494,68,633,35069,unemployed,emergency,5,1,4,324,3,card,0
2675,7980,30,810,39400,employed,medical,6,4,0,292,0,card,0
2676,5175,56,682,39146,employed,emergency,0,2,2,117,4,card,0
2677,7330,61,498,21846,student,business,4,1,2,80,5,bank_transfer,0
2678,1631,52,631,55352,self_employed,business,7,0,3,175,2,bank_transfer,0
2679,3090,40,464,38694,unemployed,emergency,0,2,4,232,5,paypal,1
2680,7255,26,541,36740,employed,medical,7,4,7,315,4,bank_transfer,1
2681,4593,19,526,64438,employed,medical,0,4,8,40,0,paypal,1
2682,9435,58,750,45996,employed,shopping,7,3,6,171,5,bank_transfer,1
2683,1033,61,495,78874,self_employed,shopping,5,2,9,117,5,card,1
2684,1560,48,503,112661,employed,business,7,1,5,184,5,card,1
2685,2823,61,757,74682,self_employed,shopping,0,4,2,81,4,bank_transfer,1
2686,385,64,556,59200,employed,shopping,1,1,8,71,2,crypto,0
2687,364,19,828,37970,employed,medical,6,1,9,140,5,card,0
2688,6916,49,571,25895,self_employed,education,4,0,0,193,3,card,0
2689,1862,35,308,53071,employed,emergency,7,1,8,171,3,paypal,1
2690,140,30,500,67268,self_employed,travel,2,3,2,101,2,card,0
2691,5927,63,358,37258,employed,travel,3,2,8,70,1,bank_transfer,1
2692,8359,22,692,103890,employed,shopping,6,2,9,174,1,card,1
2693,1087,59,418,111177,employed,shopping,5,0,0,189,3,card,0
2694,7904,61,698,72300,employed,emergency,4,3,7,215,5,bank_transfer,1
2695,7889,27,630,76915,employed,travel,1,3,5,25,0,bank_transfer,1
2696,5817,60,566,23444,self_employed,medical,4,2,8,89,4,card,1
2697,3298,42,819,90147,student,travel,2,3,3,131,2,bank_transfer,0
2698,5474,51,779,91064,employed,travel,5,4,4,196,0,card,0
2699,4890,54,433,81535,employed,travel,4,1,5,319,5,bank_transfer,1
2700,7283,47,654,18760,unemployed,shopping,6,1,8,286,4,card,1
2701,2624,24,797,51884,employed,shopping,1,2,5,225,3,bank_transfer,1
2702,9377,23,406,117715,employed,emergency,5,2,8,349,2,paypal,1
2703,2579,20,589,102477,employed,travel,1,3,1,334,0,card,0
2704,9985,30,446,41022,self_employed,shopping,5,0,3,341,4,card,1
2705,5254,20,626,69504,employed,emergency,3,2,2,327,3,paypal,1
2706,878,43,714,58130,self_employed,travel,2,2,3,149,3,card,1
2707,9877,41,509,58881,employed,medical,3,2,0,71,4,bank_transfer,1
2708,1592,23,595,77399,employed,shopping,6,3,1,129,1,card,0
2709,760,60,697,51451,employed,education,6,4,3,290,1,crypto,0
2710,1448,66,402,66413,self_employed,emergency,6,2,9,87,4,paypal,1
2711,9591,59,807,107057,self_employed,shopping,0,4,3,18,4,card,1
2712,7951,29,508,77278,employed,medical,6,3,4,43,4,bank_transfer,1
2713,7256,66,727,44639,employed,medical,1,0,8,76,3,paypal,1
2714,2144,53,692,49621,self_employed,shopping,3,1,0,334,5,card,0
2715,7468,19,408,111985,student,business,1,1,7,41,5,card,1
2716,3616,28,647,28079,employed,emergency,5,1,2,362,2,card,0
2717,9350,56,349,21895,self_employed,travel,7,1,8,280,3,card,1
2718,9268,51,404,108515,employed,travel,1,3,7,280,3,bank_transfer,1
2719,4677,43,719,67142,employed,medical,0,1,7,259,1,bank_transfer,0
2720,827,35,672,27552,employed,shopping,1,3,8,329,4,bank_transfer,1
2721,7568,38,326,107930,student,business,5,0,3,24,3,card,1
2722,442,53,572,63821,employed,emergency,7,2,4,296,3,bank_transfer,1
2723,1547,57,639,112812,student,education,5,2,6,327,4,bank_transfer,1
2724,6681,69,600,48630,self_employed,travel,3,2,1,109,5,bank_transfer,1
2725,6417,63,779,85063,student,emergency,6,3,6,359,2,paypal,1
2726,626,61,843,27247,employed,emergency,2,3,2,289,1,card,1
2727,6848,39,564,32603,employed,business,4,3,5,318,0,bank_transfer,1
2728,505,47,841,117099,unemployed,emergency,7,0,5,341,5,bank_transfer,1
2729,8086,67,465,60564,self_employed,travel,3,4,5,317,3,card,1
2730,9865,60,615,15527,student,shopping,7,3,9,349,2,card,1
2731,3840,47,300,71521,employed,travel,0,3,1,27,0,card,1
2732,1946,25,560,83458,employed,education,4,2,8,126,5,paypal,1
2733,1578,51,362,20849,self_employed,shopping,1,1,7,316,5,bank_transfer,1
2734,871,64,782,110836,employed,medical,3,1,6,170,4,bank_transfer,0
2735,5625,26,620,108316,self_employed,business,4,0,8,47,0,card,0
2736,8870,68,500,65314,employed,travel,6,1,3,343,4,crypto,1
2737,293,37,521,60724,employed,shopping,6,4,1,181,5,card,1
2738,2107,57,451,108676,employed,emergency,3,2,3,73,5,bank_transfer,1
2739,1285,42,761,32230,employed,shopping,6,0,9,122,5,paypal,0
2740,2494,36,516,107229,employed,travel,1,1,2,353,2,card,0
2741,9402,22,495,87495,self_employed,medical,5,1,1,186,5,bank_transfer,1
2742,4105,28,501,116390,employed,travel,3,2,1,324,0,card,1
2743,7529,32,533,57730,employed,medical,0,0,7,319,1,card,1
2744,2361,25,440,100203,student,emergency,4,2,4,82,2,bank_transfer,1
2745,3836,36,797,106937,employed,travel,4,0,5,30,0,card,0
2746,6816,40,356,18323,employed,shopping,4,1,7,281,3,card,1
2747,4975,44,803,15445,self_employed,education,3,2,6,121,0,card,1
2748,9021,57,441,97945,unemployed,education,1,2,6,353,0,card,1
2749,4478,49,838,24963,employed,emergency,3,4,6,355,1,card,1
2750,7915,43,405,65511,employed,shopping,3,2,6,106,2,bank_transfer,1
2751,3551,44,464,30437,self_employed,education,6,0,7,312,3,card,1
2752,7716,36,514,31855,employed,emergency,5,4,0,130,5,paypal,1
2753,9936,67,370,96947,student,medical,4,2,2,205,2,bank_transfer,1
2754,2900,59,389,25847,unemployed,shopping,1,2,0,53,2,card,1
2755,8433,46,527,18236,unemployed,medical,2,4,7,297,3,paypal,1
2756,5510,56,378,76897,employed,shopping,7,1,1,279,3,card,1
2757,1555,58,648,28487,employed,medical,1,2,6,189,1,card,1
2758,6992,50,545,92384,unemployed,medical,6,3,5,215,4,card,1
2759,5908,36,571,77423,employed,education,3,1,0,31,1,card,0
2760,6896,54,702,28155,employed,shopping,0,2,5,258,5,crypto,1
2761,4896,36,415,26255,self_employed,travel,1,1,8,60,3,card,1
2762,5193,50,734,16979,employed,education,4,0,2,78,0,paypal,0
2763,1425,64,829,36305,employed,medical,0,1,6,23,0,bank_transfer,0
2764,5076,33,741,89543,student,medical,2,4,3,185,2,card,0
2765,9505,40,471,50094,employed,travel,2,2,0,35,2,paypal,1
2766,1259,24,315,50098,employed,travel,7,1,6,1,4,crypto,1
2767,4750,43,355,104566,employed,medical,0,3,0,105,4,paypal,1
2768,5087,49,402,48770,self_employed,travel,6,0,3,176,4,bank_transfer,0
2769,4797,29,583,24734,employed,business,2,0,8,49,4,card,0
2770,440,25,816,86984,employed,education,0,1,4,168,0,card,0
2771,3928,22,577,54605,self_employed,shopping,3,4,6,318,3,bank_transfer,1
2772,2068,59,568,92932,student,travel,0,0,6,271,5,card,1
2773,803,45,699,70619,employed,travel,3,1,2,158,5,bank_transfer,0
2774,5582,22,802,42881,student,business,7,1,7,21,4,bank_transfer,1
2775,6476,66,385,78401,employed,shopping,6,0,0,105,1,card,0
2776,1900,43,619,46177,self_employed,business,4,1,3,290,5,card,0
2777,5563,22,331,55122,employed,shopping,4,1,9,121,4,crypto,1
2778,5012,39,635,50297,employed,education,2,3,3,192,0,card,0
2779,4748,32,350,51680,self_employed,travel,5,1,1,229,2,card,0
2780,955,30,378,98452,employed,education,5,1,5,181,1,card,0
2781,2966,45,473,66044,employed,shopping,0,4,0,352,4,card,1
2782,282,50,800,111775,employed,travel,6,0,2,225,0,card,0
2783,3212,60,375,59084,self_employed,business,7,4,8,234,2,card,1
2784,5770,40,615,49189,employed,medical,3,2,9,266,4,card,1
2785,4592,50,672,28510,employed,business,4,4,5,346,0,bank_transfer,1
2786,5923,60,380,105502,employed,medical,6,2,1,314,0,card,1
2787,1617,35,370,37152,employed,business,4,2,8,218,3,card,1
2788,5102,67,370,99738,employed,shopping,4,4,1,211,0,paypal,1
2789,1456,47,345,41445,employed,education,2,3,6,99,4,bank_transfer,1
2790,3729,43,346,91688,employed,medical,4,4,0,109,0,card,1
2791,3728,33,721,86153,employed,shopping,7,0,4,345,1,paypal,0
2792,8310,30,448,16195,student,education,5,4,6,253,0,card,1
2793,6232,56,429,119533,self_employed,education,7,3,2,12,0,card,1
2794,9424,50,755,74949,student,travel,1,4,3,118,5,paypal,1
2795,6688,43,804,40433,employed,travel,2,3,4,88,1,card,0
2796,3411,65,543,20305,unemployed,travel,0,0,2,344,4,paypal,1
2797,6148,18,773,73860,employed,medical,1,1,5,209,2,paypal,0
2798,6346,66,681,88613,unemployed,medical,2,3,2,130,3,card,1
2799,1087,55,402,63648,employed,education,6,3,7,329,5,card,1
2800,3421,19,788,78090,employed,medical,2,3,6,183,2,card,0
2801,4715,66,336,111921,employed,education,7,0,0,83,4,card,0
2802,8465,23,848,57113,employed,shopping,3,2,1,254,4,paypal,1
2803,3841,63,819,118504,student,business,1,3,3,5,5,card,0
2804,3152,67,632,57642,self_employed,education,1,0,4,303,1,card,0
2805,6674,55,696,48062,unemployed,education,7,1,9,24,2,bank_transfer,0
2806,826,59,595,86633,self_employed,shopping,5,3,3,121,0,card,0
2807,3860,41,406,119716,employed,travel,1,2,3,95,1,card,1
2808,5906,35,829,56604,employed,emergency,4,0,8,224,1,card,0
2809,1975,44,382,21678,unemployed,travel,5,1,3,239,3,bank_transfer,1
2810,7093,58,587,47121,self_employed,travel,6,2,3,227,1,card,1
2811,4133,25,760,63503,self_employed,education,4,1,3,142,2,card,0
2812,5543,45,514,101940,employed,education,5,2,1,51,4,card,1
2813,1089,27,580,86279,employed,medical,0,4,7,145,5,bank_transfer,1
2814,3844,34,758,31494,unemployed,medical,6,4,3,338,3,card,1
2815,8711,46,643,59185,employed,business,5,4,4,328,5,card,1
2816,693,23,493,24678,employed,business,0,1,7,307,5,bank_transfer,1
2817,1874,31,457,52632,employed,emergency,5,4,3,52,0,bank_transfer,1
2818,1035,39,764,61235,student,medical,0,0,4,12,2,card,0
2819,3908,23,403,16648,employed,education,4,0,4,337,0,bank_transfer,0
2820,431,43,333,96213,employed,shopping,6,4,5,95,1,card,1
2821,8022,56,401,103301,employed,medical,6,2,6,129,2,bank_transfer,1
2822,2802,29,624,82917,employed,education,5,2,2,11,5,bank_transfer,0
2823,5989,52,440,31489,employed,medical,3,1,9,272,3,paypal,1
2824,5154,31,773,92281,employed,travel,5,2,2,357,5,bank_transfer,1
2825,3968,39,330,20818,unemployed,medical,0,3,8,92,3,card,1
2826,4300,68,362,48149,unemployed,emergency,6,2,0,9,0,paypal,1
2827,301,40,386,42312,employed,travel,2,0,9,123,4,bank_transfer,1
2828,2597,65,603,52124,self_employed,education,4,2,7,264,5,crypto,1
2829,1942,24,360,119222,self_employed,travel,3,1,9,281,3,card,1
2830,9201,57,695,16316,employed,medical,2,2,2,119,0,bank_transfer,0
2831,4758,67,633,85990,employed,travel,7,1,4,190,4,bank_transfer,1
2832,7644,42,710,75046,employed,emergency,2,3,2,279,2,bank_transfer,1
2833,7818,30,583,93643,employed,shopping,4,4,9,300,3,crypto,1
2834,870,38,765,84610,employed,travel,5,3,0,56,3,bank_transfer,0
2835,3255,58,379,101724,student,emergency,1,0,9,196,5,bank_transfer,1
2836,1728,27,376,112504,employed,travel,3,3,4,23,5,card,1
2837,486,26,839,79042,self_employed,business,5,3,7,265,0,card,1
2838,6131,32,660,38102,employed,shopping,4,0,4,245,3,card,0
2839,6539,69,376,46957,employed,education,1,0,3,260,0,card,0
2840,6501,19,808,27872,employed,emergency,7,4,8,231,3,card,1
2841,4108,42,463,65094,employed,travel,4,4,0,210,0,card,1
2842,2566,30,308,62719,student,shopping,4,2,4,162,3,bank_transfer,1
2843,2382,51,474,88885,student,education,2,1,0,354,2,bank_transfer,0
2844,1956,68,761,34693,employed,shopping,6,0,5,170,5,bank_transfer,0
2845,8080,51,606,65478,self_employed,emergency,5,3,9,339,2,bank_transfer,1
2846,2098,52,544,113163,unemployed,business,7,3,8,290,0,bank_transfer,1
2847,5576,55,421,58677,self_employed,emergency,4,4,1,227,2,card,1
2848,9528,20,484,75012,employed,emergency,5,1,3,361,0,paypal,0
2849,4769,59,331,25760,self_employed,education,1,0,7,363,5,card,1
2850,9442,23,609,26584,employed,education,2,4,2,43,0,crypto,1
2851,4418,65,671,17106,student,travel,1,1,6,195,5,bank_transfer,0
2852,7164,66,355,28669,employed,medical,1,0,6,12,1,card,1
2853,7546,36,572,40223,employed,emergency,2,3,1,272,2,card,0
2854,1531,20,763,75666,employed,education,5,3,9,62,1,card,1
2855,5724,35,755,50706,employed,emergency,1,4,3,17,5,card,1
2856,7561,56,548,83019,unemployed,emergency,0,1,0,271,5,card,1
2857,1919,26,377,76585,employed,education,5,3,7,26,1,bank_transfer,1
2858,1230,69,833,42482,employed,business,6,1,9,45,5,card,0
2859,6663,29,407,75369,unemployed,business,6,4,9,145,3,bank_transfer,1
2860,2758,22,572,49143,employed,emergency,4,2,8,65,0,paypal,1
2861,3600,20,314,39240,employed,business,2,1,0,350,4,bank_transfer,1
2862,8666,28,669,25015,self_employed,emergency,6,1,6,286,1,card,1
2863,2220,47,603,97164,employed,travel,2,4,0,68,3,card,1
2864,4120,21,504,78023,employed,education,5,2,0,362,2,card,1
2865,3359,22,412,66500,employed,emergency,0,3,8,300,4,bank_transfer,1
2866,1923,18,552,78925,self_employed,business,7,0,9,96,5,bank_transfer,1
2867,1574,44,740,105979,unemployed,business,0,4,9,60,0,bank_transfer,1
2868,2342,45,485,111355,employed,shopping,0,0,5,257,3,card,1
2869,3343,46,526,95596,employed,shopping,0,2,0,19,4,card,1
2870,7090,35,827,107973,employed,business,3,2,6,33,0,paypal,1
2871,5260,29,653,64631,student,travel,7,1,2,91,0,bank_transfer,0
2872,3234,30,300,91190,employed,medical,2,0,9,238,4,crypto,1
2873,2170,58,719,78652,student,emergency,1,0,3,24,3,crypto,0
2874,459,19,460,66087,employed,shopping,2,2,3,227,5,paypal,1
2875,1241,54,460,94789,unemployed,emergency,6,0,7,339,4,card,1
2876,1735,62,427,69909,self_employed,shopping,7,3,0,265,1,card,1
2877,4100,33,450,26565,self_employed,education,2,2,7,6,0,card,1
2878,3461,65,743,42597,employed,education,2,1,8,58,2,crypto,0
2879,6683,41,770,108304,student,business,7,1,6,100,5,card,0
2880,7935,52,762,80623,employed,education,0,1,0,122,4,bank_transfer,0
2881,106,39,329,24432,employed,education,0,0,6,357,4,crypto,1
2882,3367,53,772,89300,employed,medical,3,2,5,157,0,paypal,1
2883,6664,28,379,80714,student,travel,5,1,4,201,0,bank_transfer,0
2884,9883,63,338,106837,student,business,2,2,4,225,4,card,1
2885,5028,46,539,64314,employed,medical,4,0,0,267,2,card,0
2886,2706,52,636,115944,self_employed,business,7,3,5,151,0,bank_transfer,1
2887,6006,65,579,56965,employed,travel,5,3,3,257,0,crypto,0
2888,3373,32,415,112449,student,business,6,3,0,81,1,paypal,0
2889,7711,48,568,99268,student,emergency,7,0,7,100,3,card,1
2890,1013,59,634,82957,self_employed,emergency,3,1,7,105,1,card,0
2891,2111,58,611,58715,employed,emergency,7,0,3,252,2,bank_transfer,0
2892,1542,60,352,68450,unemployed,education,6,2,6,133,3,bank_transfer,1
2893,5646,33,367,101062,student,travel,0,3,2,99,4,card,1
2894,1929,27,333,76902,self_employed,medical,6,2,7,178,2,card,1
2895,8867,66,685,43317,employed,medical,2,0,6,265,2,crypto,1
2896,6568,49,548,81753,self_employed,shopping,0,4,4,132,1,crypto,1
2897,1029,68,410,50242,self_employed,medical,7,4,4,199,3,bank_transfer,1
2898,3799,19,393,15929,employed,emergency,5,0,8,193,2,bank_transfer,1
2899,9755,41,709,114806,employed,emergency,1,1,5,208,3,card,1
2900,1154,40,478,113724,employed,shopping,0,2,5,57,5,bank_transfer,1
2901,5844,19,346,28580,self_employed,education,0,0,1,262,4,card,1
2902,2000,55,675,119134,employed,medical,3,0,4,230,3,card,0
2903,9749,48,501,110967,employed,travel,1,4,3,142,1,card,1
2904,7080,68,744,35742,student,shopping,5,3,9,63,1,card,1
2905,7169,57,596,32833,employed,medical,7,3,2,118,2,paypal,1
2906,9691,43,607,111421,employed,education,4,1,8,321,3,crypto,1
2907,3515,46,792,86347,employed,travel,4,1,6,308,1,bank_transfer,0
2908,542,20,637,89155,student,travel,7,1,3,321,0,bank_transfer,0
2909,6318,31,365,104791,student,education,4,4,8,245,1,card,1
2910,4752,42,721,105508,employed,medical,2,0,8,356,4,bank_transfer,0
2911,8039,65,839,28527,unemployed,business,4,1,6,136,0,bank_transfer,1
2912,7933,18,792,73139,employed,medical,2,4,4,96,3,bank_transfer,1
2913,9470,20,616,113410,unemployed,shopping,5,2,8,225,5,card,1
2914,7697,43,374,84585,employed,shopping,5,0,6,8,2,bank_transfer,1
2915,4558,35,358,56057,employed,medical,0,2,8,14,0,card,1
2916,6691,26,685,82439,employed,emergency,7,3,2,24,1,card,0
2917,9549,55,314,59261,employed,shopping,4,3,8,192,2,bank_transfer,1
2918,2409,40,530,85912,employed,business,3,0,0,241,5,card,0
2919,6368,38,498,15042,student,emergency,5,1,4,349,5,bank_transfer,0
2920,1010,18,653,37769,student,business,1,0,1,25,2,bank_transfer,0
2921,4440,38,334,82113,employed,travel,1,1,0,129,2,card,0
2922,4109,44,461,92918,employed,shopping,7,3,2,87,2,crypto,0
2923,6728,59,770,37449,employed,emergency,7,0,6,233,3,paypal,0
2924,2269,23,830,53653,employed,medical,5,0,2,289,3,card,0
2925,2272,61,722,43859,self_employed,emergency,0,1,9,56,3,bank_transfer,1
2926,5768,53,647,23576,employed,travel,7,3,9,190,1,card,1
2927,6413,45,446,60874,self_employed,business,6,3,8,28,3,bank_transfer,1
2928,8415,62,673,92199,employed,travel,1,1,2,29,2,paypal,0
2929,8136,34,715,51345,employed,education,7,1,5,279,0,card,1
2930,6889,57,793,85780,employed,shopping,1,1,1,172,0,bank_transfer,0
2931,885,69,555,115438,employed,medical,6,3,7,38,5,paypal,1
2932,6239,20,402,84428,employed,business,0,3,9,299,0,card,1
2933,6444,29,420,107648,student,travel,6,0,4,266,0,card,0
2934,2516,56,718,19321,employed,medical,0,3,1,27,0,card,0
2935,9088,29,649,20776,employed,shopping,0,2,6,136,5,card,1
2936,4254,19,341,31119,self_employed,medical,3,2,2,236,4,card,1
2937,5719,63,666,45569,employed,shopping,0,1,4,245,0,card,0
2938,2036,39,328,53596,self_employed,shopping,0,1,8,85,0,card,0
2939,3907,40,313,67967,employed,shopping,0,1,0,13,0,card,0
2940,7251,47,784,48063,employed,travel,5,0,1,58,5,bank_transfer,0
2941,9593,22,488,113717,student,shopping,7,2,4,259,1,crypto,1
2942,3336,26,594,37340,self_employed,medical,7,2,3,100,4,paypal,0
2943,2452,38,482,90723,employed,education,4,3,0,104,0,card,0
2944,2032,28,847,70430,employed,medical,5,2,6,261,5,bank_transfer,1
2945,8656,22,336,21668,student,travel,4,3,8,278,5,paypal,1
2946,5016,52,313,95880,employed,shopping,3,0,0,66,3,paypal,0
2947,5598,44,458,23195,employed,education,3,1,7,89,1,paypal,1
2948,1046,66,793,97097,self_employed,travel,7,1,8,296,5,bank_transfer,0
2949,9669,19,628,117658,self_employed,business,7,3,1,88,5,card,1
2950,1539,41,382,72995,student,business,1,4,0,5,4,card,1
2951,7830,48,321,102834,self_employed,business,6,3,5,144,3,bank_transfer,1
2952,4957,50,431,53250,self_employed,education,6,0,6,117,3,card,1
2953,440,56,764,31076,student,medical,5,2,1,271,1,crypto,0
2954,482,47,755,30376,self_employed,education,4,3,4,205,5,card,1
2955,9848,63,601,116575,employed,education,3,0,4,75,3,crypto,0
2956,8591,54,566,70839,employed,education,3,1,6,80,2,bank_transfer,1
2957,238,68,694,79723,self_employed,business,7,4,0,18,1,card,0
2958,458,45,419,58442,student,emergency,5,4,9,217,1,card,1
2959,5031,48,545,20392,employed,medical,1,3,7,102,2,card,1
2960,9814,28,337,42106,employed,emergency,7,2,4,132,1,bank_transfer,1
2961,3556,40,544,94845,unemployed,emergency,7,3,2,309,3,paypal,1
2962,1727,19,320,39809,self_employed,education,0,4,8,58,3,crypto,1
2963,9595,57,409,15693,employed,medical,2,4,2,112,3,card,1
2964,6726,58,693,114473,self_employed,emergency,1,1,6,85,2,card,0
2965,5104,44,709,109769,unemployed,shopping,6,2,9,331,3,card,1
2966,9426,52,307,74821,student,education,7,2,6,314,2,card,1
2967,6752,19,743,89159,self_employed,education,6,4,9,116,2,paypal,1
2968,6516,56,627,89710,employed,education,2,4,7,315,2,card,1
2969,3270,54,589,26352,student,shopping,1,3,9,162,1,bank_transfer,1
2970,3935,38,810,67196,employed,shopping,1,3,7,286,4,card,1
2971,8117,22,660,86066,student,business,0,1,3,324,5,card,0
2972,2251,69,518,19992,employed,travel,3,4,0,206,2,bank_transfer,1
2973,9529,62,705,68076,employed,medical,4,3,3,331,3,bank_transfer,1
2974,7005,38,519,38354,employed,travel,1,1,5,68,2,card,0
2975,2934,46,406,18312,employed,education,0,2,9,248,5,bank_transfer,1
2976,9290,37,585,60833,self_employed,emergency,6,4,5,57,0,card,1
2977,2667,55,307,19318,unemployed,education,2,0,5,165,1,bank_transfer,1
2978,1407,37,488,114992,self_employed,emergency,5,4,6,166,3,crypto,1
2979,8948,67,380,81003,student,business,6,3,0,297,1,bank_transfer,1
2980,2760,42,407,42192,employed,travel,7,4,9,4,1,card,1
2981,3830,19,620,115726,student,education,5,0,0,295,0,bank_transfer,0
2982,6307,49,645,104199,student,travel,3,4,6,106,2,paypal,1
2983,3262,43,627,111782,self_employed,business,5,3,3,108,3,card,0
2984,1240,23,601,52489,employed,travel,1,2,5,170,4,bank_transfer,1
2985,8558,58,499,55309,self_employed,emergency,2,3,5,267,1,card,1
2986,1808,20,718,43273,self_employed,medical,1,1,8,267,5,paypal,1
2987,3730,50,338,62553,employed,business,5,3,1,54,4,card,1
2988,3311,18,606,44473,student,travel,4,1,3,166,4,paypal,0
2989,6638,68,303,76410,unemployed,education,6,4,3,254,2,bank_transfer,1
2990,9802,22,376,28679,employed,shopping,7,1,6,276,4,card,1
2991,575,30,767,107981,self_employed,shopping,5,4,0,154,3,card,0
2992,7784,36,478,60310,self_employed,business,7,1,4,128,2,card,0
2993,9268,29,575,98406,self_employed,shopping,4,3,3,76,5,card,1
2994,1307,65,451,75683,employed,medical,5,0,1,221,4,card,0
2995,2060,42,463,40992,student,business,3,4,4,270,2,card,0
2996,657,68,589,44433,employed,education,2,1,8,123,3,bank_transfer,1
2997,982,52,677,91574,employed,education,4,0,7,25,1,card,0
2998,4861,29,609,40933,student,business,0,1,8,106,0,card,0
2999,5967,47,688,60020,self_employed,shopping,3,1,6,106,2,bank_transfer,0
3000,7063,22,482,44236,student,shopping,1,1,9,103,5,card,1
3001,7266,51,605,73735,employed,education,5,3,6,266,0,card,1
3002,8029,39,371,24770,employed,medical,2,1,1,14,1,card,0
3003,5447,56,518,84285,unemployed,emergency,2,0,2,133,5,bank_transfer,1
3004,7369,30,472,50271,employed,shopping,5,1,9,22,3,card,1
3005,9902,64,571,88391,student,medical,0,2,7,75,5,card,1
3006,8225,20,767,38439,student,shopping,6,4,1,285,1,bank_transfer,0
3007,2554,37,568,110826,self_employed,emergency,6,3,6,244,0,card,1
3008,4594,48,319,26101,employed,business,4,2,5,256,3,card,1
3009,2046,22,802,107776,self_employed,travel,5,2,9,146,5,card,1
3010,2908,41,446,97319,student,education,7,0,3,212,4,paypal,0
3011,6742,57,728,59917,employed,business,2,0,3,249,4,bank_transfer,0
3012,3925,50,464,107345,employed,shopping,0,3,2,35,2,crypto,1
3013,3636,25,609,98459,employed,emergency,6,3,5,327,4,bank_transfer,1
3014,6168,41,817,95562,employed,education,0,4,2,253,5,bank_transfer,0
3015,3902,67,313,56196,student,travel,6,1,8,350,0,paypal,0
3016,4799,37,431,38569,student,travel,1,3,3,260,4,card,1
3017,2070,33,738,56887,unemployed,emergency,0,3,3,307,2,bank_transfer,1
3018,5906,67,562,35893,self_employed,emergency,3,1,1,350,3,card,0
3019,6242,69,524,102971,student,shopping,7,4,1,286,4,bank_transfer,1
3020,2919,29,557,70304,employed,education,2,0,6,350,2,card,0
3021,9194,30,533,117428,self_employed,shopping,3,4,4,181,4,bank_transfer,1
3022,464,62,635,47399,self_employed,travel,6,1,2,210,4,crypto,0
3023,4358,59,708,40236,unemployed,business,0,0,5,110,5,card,1
3024,3219,56,323,107735,student,business,0,0,5,330,0,paypal,0
3025,1963,42,570,100870,unemployed,medical,7,0,0,142,2,card,0
3026,215,63,394,113753,student,travel,3,4,2,164,2,card,1
3027,7184,49,441,64531,student,travel,1,1,4,87,1,bank_transfer,0
3028,8116,41,380,95570,employed,shopping,0,4,6,140,1,card,1
3029,2484,65,573,111621,student,medical,3,4,3,332,2,bank_transfer,0
3030,4035,64,575,24442,self_employed,emergency,3,2,7,162,5,card,1
3031,7842,61,764,71437,employed,medical,7,3,2,26,0,bank_transfer,0
3032,5542,26,507,75342,employed,education,2,4,5,134,4,bank_transfer,1
3033,2590,57,595,93179,self_employed,shopping,1,2,5,357,3,paypal,1
3034,7080,67,338,50069,employed,emergency,4,1,8,115,5,bank_transfer,1
3035,9234,40,587,88246,employed,emergency,3,2,3,181,4,card,1
3036,7761,67,423,53560,self_employed,business,7,4,6,362,3,card,1
3037,1824,30,582,73070,unemployed,education,7,1,9,359,0,paypal,0
3038,8282,49,479,57427,student,medical,2,2,0,147,1,bank_transfer,1
3039,2867,67,396,75496,employed,business,4,4,0,360,2,bank_transfer,0
3040,1237,32,490,79557,employed,travel,7,1,1,215,0,bank_transfer,0
3041,4217,53,373,87752,employed,shopping,7,1,3,77,3,card,0
3042,3520,66,746,92248,employed,medical,2,3,5,95,5,bank_transfer,1
3043,5945,22,796,85441,employed,travel,2,4,3,218,2,bank_transfer,0
3044,4878,39,783,63534,unemployed,emergency,5,3,5,363,3,card,1
3045,4006,33,415,119303,self_employed,medical,1,1,1,52,4,crypto,0
3046,3737,58,834,42930,employed,business,0,1,8,274,4,card,0
3047,3053,27,397,111728,employed,education,1,2,2,175,5,card,1
3048,6029,41,627,104042,employed,business,4,3,6,313,4,card,1
3049,376,35,706,22288,employed,shopping,5,0,0,33,2,bank_transfer,0
3050,2099,66,612,110547,employed,shopping,7,4,7,360,1,card,1
3051,1327,35,447,96122,unemployed,medical,1,3,3,132,1,card,1
3052,6437,24,641,76518,employed,business,7,1,4,275,3,crypto,0
3053,3835,21,794,47400,employed,education,0,2,6,7,1,card,1
3054,795,43,322,16567,employed,emergency,1,4,2,227,1,card,1
3055,9601,22,404,62878,self_employed,shopping,1,4,8,255,3,bank_transfer,1
3056,4252,33,521,63850,employed,education,1,2,8,282,3,card,1
3057,8001,52,314,16094,employed,travel,3,1,7,236,3,card,1
3058,7570,43,377,26135,employed,medical,3,0,0,343,2,card,0
3059,7637,35,621,94044,self_employed,education,1,2,1,354,3,bank_transfer,1
3060,2941,46,540,60113,employed,medical,0,0,1,184,2,paypal,0
3061,4308,40,317,73791,employed,travel,7,3,2,199,2,card,1
3062,8833,31,753,24684,employed,education,6,4,1,203,2,bank_transfer,1
3063,1188,32,742,107783,employed,education,0,1,0,136,3,card,0
3064,3463,66,576,86727,employed,emergency,0,0,4,288,1,card,0
3065,124,50,723,98378,employed,travel,0,1,5,290,5,bank_transfer,0
3066,9864,42,775,73552,employed,business,7,3,6,146,5,card,1
3067,6244,38,326,23046,employed,education,5,0,9,207,1,bank_transfer,1
3068,5768,34,813,19934,employed,emergency,5,1,6,55,3,card,1
3069,4336,40,763,74556,employed,education,2,1,1,299,1,crypto,0
3070,8168,60,662,61806,employed,emergency,1,3,6,250,3,bank_transfer,1
3071,2335,34,682,16354,unemployed,shopping,6,2,1,275,2,card,0
3072,7395,31,824,119777,self_employed,business,6,3,1,205,4,card,1
3073,8492,46,681,110352,student,education,1,0,5,313,0,card,1
3074,8548,37,483,68046,student,travel,2,0,5,192,5,card,1
3075,3847,47,493,80064,unemployed,medical,0,4,7,336,3,bank_transfer,1
3076,3275,36,761,72184,student,travel,4,1,4,2,2,paypal,0
3077,4997,56,355,17963,self_employed,business,4,0,4,185,4,card,0
3078,5137,30,529,42424,employed,shopping,7,2,9,162,2,card,1
3079,7527,35,788,95039,employed,shopping,2,2,0,49,0,card,1
3080,8705,40,327,18042,self_employed,shopping,6,3,3,90,5,bank_transfer,1
3081,2114,63,483,110777,unemployed,emergency,4,0,0,251,1,card,0
3082,1481,50,724,22139,employed,travel,3,0,9,22,1,crypto,0
3083,1198,56,674,26226,self_employed,medical,1,4,4,212,2,bank_transfer,0
3084,3526,57,340,95298,employed,medical,4,4,7,234,0,crypto,1
3085,3755,35,783,98652,employed,emergency,7,4,0,172,2,card,0
3086,8038,26,559,53108,employed,education,5,0,2,91,1,bank_transfer,0
3087,9201,50,740,85647,employed,emergency,7,3,0,163,2,bank_transfer,1
3088,287,49,383,83617,employed,medical,5,3,5,285,4,bank_transfer,1
3089,5509,34,345,44815,self_employed,medical,6,3,9,6,0,card,1
3090,2192,36,739,22802,student,education,6,3,0,244,1,crypto,0
3091,2230,44,818,57230,student,travel,3,2,9,341,5,paypal,1
3092,5342,23,737,78372,employed,travel,7,0,2,159,5,card,0
3093,8649,52,435,69020,student,business,1,1,4,123,2,bank_transfer,0
3094,5747,54,482,98449,employed,travel,7,0,4,360,0,card,0
3095,5285,51,471,32465,employed,shopping,3,3,1,188,2,paypal,1
3096,5876,37,838,22994,self_employed,shopping,1,2,2,14,1,bank_transfer,0
3097,8013,42,419,18531,employed,business,1,2,8,70,0,card,1
3098,7647,21,580,24343,employed,medical,6,0,0,139,1,card,0
3099,7923,27,607,74066,employed,business,4,1,0,358,4,card,0
3100,7455,27,576,114020,self_employed,education,7,3,1,325,4,card,1
3101,6565,41,829,21229,employed,business,5,2,7,79,5,card,1
3102,1597,38,594,109311,self_employed,business,2,3,5,294,3,bank_transfer,1
3103,2655,28,352,107302,self_employed,emergency,4,3,3,318,0,bank_transfer,1
3104,5509,44,731,97124,self_employed,shopping,7,3,6,80,4,bank_transfer,1
3105,3051,33,351,103704,student,education,6,4,5,146,3,bank_transfer,1
3106,1338,43,371,59789,employed,emergency,0,3,8,225,5,card,1
3107,9265,47,327,59069,employed,education,3,3,5,227,0,card,1
3108,4827,66,768,117398,employed,business,6,1,1,180,1,bank_transfer,0
3109,4065,33,846,102402,employed,emergency,7,1,2,24,2,card,0
3110,5786,24,700,24524,self_employed,emergency,0,4,8,99,2,card,1
3111,9342,33,500,103074,employed,education,1,4,6,270,1,card,1
3112,3801,52,765,101762,employed,education,6,3,5,94,4,bank_transfer,1
3113,2880,33,678,78103,student,travel,4,2,4,280,2,paypal,0
3114,7498,57,476,23103,self_employed,education,7,2,2,269,1,bank_transfer,1
3115,1688,29,351,73581,self_employed,emergency,0,0,3,147,3,card,0
3116,2468,52,378,98938,student,medical,0,2,0,285,3,paypal,1
3117,5889,66,684,69203,student,education,5,2,4,22,1,card,0
3118,536,38,307,30090,self_employed,shopping,6,1,6,2,0,bank_transfer,1
3119,2928,67,513,30915,employed,travel,0,0,1,103,4,card,0
3120,1656,60,324,56477,unemployed,shopping,5,0,7,36,4,paypal,1
3121,7670,53,749,71987,self_employed,shopping,5,1,9,294,1,bank_transfer,1
3122,7580,65,756,114742,employed,medical,1,2,5,274,2,bank_transfer,1
3123,9596,34,760,68238,employed,travel,7,2,9,51,5,bank_transfer,1
3124,282,49,497,102047,self_employed,business,5,0,2,143,4,bank_transfer,0
3125,7290,58,393,30029,unemployed,emergency,1,2,1,17,4,card,1
3126,6787,23,736,111367,employed,emergency,5,0,7,77,3,bank_transfer,1
3127,5665,41,826,104067,employed,education,5,2,3,278,3,bank_transfer,1
3128,7341,44,677,68520,student,emergency,6,3,6,123,3,bank_transfer,1
3129,7751,37,403,85053,unemployed,medical,6,1,6,346,5,card,1
3130,5675,42,338,66464,employed,emergency,1,4,9,174,4,card,1
3131,1689,19,757,36961,employed,medical,0,3,8,132,4,bank_transfer,1
3132,9879,26,663,41835,self_employed,business,3,2,9,263,5,bank_transfer,1
3133,8951,45,434,42725,employed,medical,4,4,7,271,4,card,1
3134,259,55,673,40357,student,business,4,3,7,208,2,card,1
3135,6655,20,531,16244,employed,business,1,1,6,296,2,bank_transfer,0
3136,9303,37,338,82952,employed,business,0,4,9,226,2,card,1
3137,8344,23,346,63061,employed,medical,6,4,4,189,0,card,1
3138,6946,56,335,21490,employed,business,6,1,8,358,4,bank_transfer,1
3139,2407,50,394,92219,employed,medical,3,3,6,144,5,card,1
3140,1328,18,660,20839,employed,travel,2,4,2,354,4,paypal,1
3141,7326,54,824,39992,student,business,6,1,5,251,5,card,1
3142,5690,23,445,59938,employed,medical,1,3,2,245,1,paypal,1
3143,7019,62,667,71249,unemployed,medical,2,2,5,18,1,bank_transfer,1
3144,5685,51,364,59735,employed,medical,4,0,7,203,0,card,1
3145,9327,64,527,118313,self_employed,education,4,2,8,204,1,paypal,1
3146,6146,32,819,65734,employed,education,6,2,1,2,2,bank_transfer,0
3147,5045,62,480,62080,employed,business,3,0,5,54,0,paypal,1
3148,8027,43,800,89460,self_employed,emergency,7,2,2,166,0,bank_transfer,0
3149,7116,31,454,96457,self_employed,travel,3,2,6,353,0,bank_transfer,1
3150,7858,24,834,39260,student,emergency,2,1,3,329,3,bank_transfer,0
3151,5186,63,734,74607,student,business,7,1,4,143,1,card,0
3152,9556,48,398,76852,self_employed,shopping,6,3,9,92,4,paypal,1
3153,7261,41,671,43380,employed,shopping,4,4,5,8,3,bank_transfer,1
3154,1984,48,661,99347,student,travel,3,3,7,252,5,bank_transfer,1
3155,1909,46,411,86257,self_employed,travel,3,1,1,100,2,paypal,0
3156,3267,59,752,56191,unemployed,travel,7,1,3,39,3,crypto,1
3157,6452,49,468,19930,student,education,4,0,3,136,2,card,0
3158,9109,34,438,19353,employed,education,6,0,5,362,4,bank_transfer,1
3159,6156,31,530,22832,employed,shopping,4,1,3,50,4,bank_transfer,1
3160,2537,57,538,64554,self_employed,travel,0,2,4,83,1,bank_transfer,1
3161,6568,53,552,103487,self_employed,medical,5,3,4,254,5,crypto,1
3162,9180,65,735,69017,self_employed,emergency,3,1,7,196,3,paypal,0
3163,6051,41,721,72298,student,shopping,2,1,3,27,4,bank_transfer,0
3164,5376,62,602,66389,employed,travel,6,0,5,77,2,card,0
3165,8959,44,371,88306,employed,medical,1,3,6,294,4,bank_transfer,1
3166,7918,42,562,40525,employed,travel,1,3,7,255,1,bank_transfer,1
3167,4828,49,521,97092,self_employed,business,4,4,8,21,2,card,1
3168,2724,69,376,95630,self_employed,medical,5,1,9,218,0,bank_transfer,0
3169,5838,35,361,88471,employed,emergency,6,4,7,45,5,card,1
3170,4332,63,770,83211,self_employed,business,6,0,3,182,1,bank_transfer,0
3171,5893,35,456,46280,employed,education,2,4,3,286,1,bank_transfer,1
3172,4623,54,424,26240,employed,shopping,0,2,9,351,0,card,1
3173,5671,43,460,80092,self_employed,travel,7,1,4,144,5,bank_transfer,0
3174,9110,26,840,84541,employed,shopping,3,1,2,52,4,card,0
3175,9398,52,834,77851,self_employed,emergency,0,3,1,251,1,bank_transfer,1
3176,2324,25,405,21544,student,travel,6,4,1,106,0,bank_transfer,0
3177,8489,37,430,72981,student,business,2,3,8,297,5,bank_transfer,1
3178,6191,59,656,32332,employed,medical,0,4,7,199,0,bank_transfer,1
3179,8762,39,301,41836,employed,medical,4,4,5,337,5,card,1
3180,6461,36,532,29388,self_employed,travel,1,0,8,280,1,card,1
3181,2048,47,668,16694,student,business,4,4,4,148,3,bank_transfer,1
3182,7194,45,550,101677,student,travel,3,3,9,103,1,bank_transfer,1
3183,6418,52,407,103202,employed,travel,4,4,0,2,5,card,1
3184,3896,60,575,64294,employed,travel,2,4,7,256,3,card,1
3185,334,28,479,53769,self_employed,medical,6,1,2,60,4,card,0
3186,9220,48,592,54420,self_employed,emergency,2,1,8,307,0,card,0
3187,3707,66,474,117885,employed,travel,3,1,0,91,2,bank_transfer,0
3188,8143,65,422,52855,employed,medical,3,2,2,101,1,bank_transfer,1
3189,622,56,526,16460,self_employed,education,1,1,0,114,2,bank_transfer,0
3190,6004,53,743,117191,employed,business,0,2,0,262,4,card,0
3191,4988,47,727,62646,employed,education,1,2,5,54,1,paypal,1
3192,9921,40,382,56252,employed,travel,4,3,3,188,2,bank_transfer,1
3193,5932,36,364,24835,employed,medical,0,1,9,27,4,card,1
3194,7222,29,580,25910,self_employed,business,3,4,3,240,3,card,1
3195,5942,32,690,97757,employed,shopping,2,0,4,80,4,bank_transfer,0
3196,1416,48,727,106149,employed,business,4,4,2,190,1,bank_transfer,1
3197,1224,60,406,111889,employed,business,7,1,1,319,5,bank_transfer,1
3198,5721,54,847,119150,employed,travel,1,4,9,355,5,paypal,1
3199,5523,54,561,23463,self_employed,education,6,1,7,91,5,bank_transfer,1
3200,2687,32,458,28336,employed,education,5,1,6,35,1,paypal,0
3201,9315,46,564,41534,self_employed,shopping,5,4,9,58,1,card,1
3202,5772,67,767,17369,employed,travel,3,2,3,189,4,card,0
3203,1478,60,501,40381,employed,business,6,3,1,253,1,card,1
3204,3474,43,454,100094,employed,emergency,0,3,8,36,4,bank_transfer,1
3205,1619,61,312,102905,employed,education,5,3,7,358,5,card,1
3206,5877,19,596,114186,self_employed,education,0,3,3,92,0,bank_transfer,0
3207,8035,37,797,111490,employed,medical,2,0,4,56,0,card,0
3208,6193,32,544,40407,student,business,3,1,9,67,0,card,1
3209,8518,69,599,77552,employed,travel,7,0,5,313,2,card,0
3210,5455,21,661,50939,employed,education,3,3,3,169,0,card,0
3211,5068,39,653,107303,employed,travel,4,3,1,287,0,card,0
3212,9183,67,820,82576,student,business,4,4,4,131,4,card,1
3213,5674,55,685,103652,employed,business,6,3,0,166,4,card,1
3214,4172,40,611,41170,employed,education,0,1,6,52,5,bank_transfer,0
3215,2357,43,713,86908,employed,shopping,7,3,8,152,1,card,1
3216,8688,68,577,37369,employed,travel,5,3,2,105,1,card,0
3217,4524,28,655,88098,unemployed,travel,5,0,5,92,1,card,1
3218,3337,45,824,59544,employed,medical,1,1,8,201,5,paypal,1
3219,3993,19,315,20900,student,business,7,2,3,293,4,bank_transfer,1
3220,2105,25,344,55733,self_employed,business,0,4,5,219,4,crypto,1
3221,2116,46,620,102236,employed,education,5,2,2,67,0,bank_transfer,0
3222,9488,28,625,15589,employed,education,4,0,8,169,3,crypto,1
3223,1872,54,447,75044,self_employed,education,4,3,6,305,4,card,1
3224,8453,35,654,80311,employed,medical,7,4,6,28,5,card,1
3225,4076,67,535,72926,employed,shopping,4,1,3,288,3,bank_transfer,1
3226,1851,31,404,85599,self_employed,education,0,4,5,355,4,crypto,1
3227,9067,27,773,100553,student,education,3,0,7,327,5,paypal,1
3228,7530,52,695,98910,self_employed,emergency,6,3,5,32,4,bank_transfer,1
3229,7270,26,745,103435,self_employed,education,1,0,5,166,2,card,0
3230,6569,52,519,64008,employed,medical,1,1,3,136,3,card,0
3231,9231,28,741,81794,employed,travel,4,2,7,68,2,card,1
3232,3320,61,327,94134,employed,shopping,2,3,9,154,0,card,1
3233,639,29,774,17866,self_employed,travel,7,3,7,326,2,card,1
3234,1561,20,604,67890,unemployed,emergency,0,0,8,304,2,card,1
3235,5284,56,704,56504,employed,business,7,0,5,96,5,paypal,1
3236,8647,31,812,110668,employed,business,5,0,1,197,0,card,0
3237,334,45,801,68374,employed,education,7,3,3,108,3,card,1
3238,1648,28,647,44404,student,emergency,5,0,3,46,1,card,0
3239,7580,56,539,80223,self_employed,travel,7,4,7,186,4,card,1
3240,4313,42,636,15637,employed,medical,7,4,4,323,5,card,1
3241,1773,38,325,105152,unemployed,shopping,6,4,3,285,3,card,1
3242,6808,27,708,118186,student,travel,3,3,7,83,0,paypal,1
3243,8082,60,376,30828,employed,emergency,4,0,2,138,2,card,0
3244,2200,32,516,68544,unemployed,emergency,2,1,1,327,1,card,0
3245,3848,36,627,106732,employed,travel,4,0,3,237,2,bank_transfer,0
3246,3273,65,322,116976,employed,shopping,7,3,0,321,4,card,1
3247,1915,39,609,60097,employed,travel,7,4,0,145,0,card,1
3248,3941,38,566,47022,student,travel,2,3,4,278,1,card,0
3249,8116,69,714,47202,self_employed,shopping,1,0,0,100,3,card,0
3250,7111,61,566,43704,employed,medical,2,3,3,14,3,bank_transfer,1
3251,4593,49,632,106411,unemployed,emergency,1,1,7,262,0,bank_transfer,1
3252,774,67,749,38641,employed,shopping,1,3,7,47,0,card,0
3253,8188,40,546,52479,self_employed,education,7,2,1,225,5,bank_transfer,1
3254,8678,30,335,93771,self_employed,education,0,3,2,144,2,card,1
3255,2258,22,700,37027,employed,education,6,0,2,196,1,card,0
3256,2761,21,327,113463,employed,education,2,2,0,290,4,card,1
3257,2164,45,519,57912,student,business,3,4,2,257,0,bank_transfer,1
3258,3353,31,705,107558,employed,medical,3,0,7,8,1,card,0
3259,5079,25,570,86474,self_employed,business,2,1,5,278,5,bank_transfer,0
3260,7803,26,810,57692,employed,travel,6,3,4,324,0,bank_transfer,0
3261,9031,68,585,113884,self_employed,travel,0,3,9,290,0,paypal,1
3262,1501,52,753,47209,employed,shopping,3,0,8,293,3,card,0
3263,3359,54,616,72563,employed,education,4,3,6,23,1,card,1
3264,4023,38,596,71738,employed,shopping,3,3,5,84,3,card,1
3265,4314,35,637,52242,student,travel,7,4,4,255,5,paypal,0
3266,3327,50,606,24941,employed,education,0,3,4,24,3,bank_transfer,0
3267,2845,25,727,22073,employed,emergency,1,3,9,325,5,paypal,1
3268,6191,68,650,52827,unemployed,medical,1,4,8,336,1,bank_transfer,1
3269,3966,66,810,61225,student,travel,1,3,9,316,5,bank_transfer,1
3270,5918,34,824,52096,employed,emergency,7,4,5,38,5,card,1
3271,2322,60,791,65546,unemployed,shopping,0,1,3,221,3,paypal,0
3272,2892,48,308,81457,self_employed,emergency,1,3,3,214,2,paypal,1
3273,9989,51,796,83309,employed,shopping,6,0,3,333,4,card,0
3274,4163,23,739,84998,employed,travel,1,2,5,85,4,card,1
3275,1624,39,407,101496,self_employed,business,0,1,0,4,2,bank_transfer,0
3276,8324,31,544,45268,student,medical,7,3,8,195,0,card,1
3277,6298,20,554,100354,employed,emergency,4,0,1,114,3,paypal,0
3278,4125,29,332,57078,employed,emergency,3,2,1,215,4,card,1
3279,2666,53,322,16865,employed,travel,0,4,4,336,1,card,1
3280,2903,29,348,111242,self_employed,travel,0,3,3,141,5,bank_transfer,1
3281,3809,62,761,43887,employed,shopping,2,4,2,167,5,bank_transfer,0
3282,6255,19,635,64876,employed,education,1,1,4,287,0,card,0
3283,819,19,657,111047,self_employed,education,5,2,6,335,4,paypal,1
3284,6616,32,421,48479,student,education,4,2,9,5,3,crypto,1
3285,4679,40,743,55478,employed,shopping,5,4,1,127,4,bank_transfer,1
3286,1072,46,658,41401,employed,education,2,4,5,86,3,bank_transfer,1
3287,3818,34,645,43502,employed,travel,4,1,3,86,0,bank_transfer,0
3288,7495,49,492,28394,employed,business,1,0,1,24,5,bank_transfer,1
3289,4502,24,715,113694,unemployed,business,5,3,0,45,2,paypal,0
3290,4652,47,676,24262,student,business,7,0,7,111,5,card,0
3291,2307,45,762,19487,employed,education,1,2,4,290,3,card,1
3292,4526,31,445,42341,employed,business,1,3,9,185,3,paypal,1
3293,7019,61,777,28570,employed,emergency,3,1,1,235,0,card,0
3294,8935,47,707,72268,self_employed,education,4,0,7,157,0,bank_transfer,1
3295,8486,34,585,44605,employed,emergency,4,0,2,161,1,card,0
3296,8780,49,410,86602,student,travel,2,3,6,200,5,crypto,1
3297,2304,63,349,117798,student,emergency,7,1,1,122,5,bank_transfer,1
3298,5445,23,313,41723,employed,travel,0,1,6,224,0,paypal,0
3299,3376,68,433,84108,student,shopping,1,0,3,23,4,crypto,0
3300,1202,41,642,93206,student,shopping,1,0,9,197,3,card,1
3301,5343,23,585,75098,student,emergency,5,4,0,285,2,card,0
3302,6714,44,613,108375,unemployed,medical,2,3,4,6,0,bank_transfer,1
3303,9533,35,596,63707,employed,travel,4,1,3,308,3,paypal,1
3304,8807,41,463,64028,employed,education,3,2,7,345,2,card,1
3305,5323,54,796,108937,student,medical,4,3,0,89,1,paypal,0
3306,8684,41,315,71921,student,travel,3,4,1,273,4,card,1
3307,730,55,643,75760,unemployed,education,3,3,4,284,1,paypal,1
3308,9271,51,377,25249,employed,travel,4,0,9,265,0,bank_transfer,1
3309,6783,57,645,82847,self_employed,travel,5,3,9,115,4,bank_transfer,1
3310,377,64,371,112547,employed,education,1,3,1,124,1,card,1
3311,332,32,569,58839,employed,travel,3,3,0,260,3,card,1
3312,9844,28,586,54673,employed,travel,5,2,5,169,0,card,1
3313,5790,39,365,18642,employed,travel,2,4,9,36,5,card,1
3314,7759,41,367,21338,employed,shopping,2,3,3,229,1,bank_transfer,1
3315,125,18,492,66761,self_employed,business,3,3,4,134,4,bank_transfer,1
3316,7568,35,354,24622,employed,travel,1,2,2,244,4,card,1
3317,6510,61,678,63423,employed,education,3,1,9,65,5,card,0
3318,8752,29,467,57873,employed,emergency,2,3,5,237,2,paypal,1
3319,3864,60,708,119544,employed,travel,6,3,3,3,4,bank_transfer,1
3320,6699,45,807,62565,unemployed,shopping,2,1,5,37,4,card,1
3321,5202,57,836,22806,employed,shopping,4,3,4,109,0,paypal,0
3322,7106,24,401,15757,employed,emergency,6,3,1,250,4,crypto,1
3323,3583,40,721,107246,student,travel,1,3,3,3,2,paypal,0
3324,2094,38,777,36470,self_employed,medical,4,4,1,235,4,paypal,1
3325,8782,51,419,21220,self_employed,emergency,6,0,4,251,2,bank_transfer,1
3326,1172,28,590,106851,self_employed,business,5,4,2,143,3,card,1
3327,6807,39,787,69754,unemployed,education,6,1,5,248,2,bank_transfer,0
3328,315,59,460,108329,employed,education,5,4,4,56,0,bank_transfer,1
3329,7705,52,377,94852,unemployed,education,5,4,1,61,1,card,1
3330,9884,69,337,37505,student,education,6,2,9,68,5,card,1
3331,2706,46,693,43288,self_employed,shopping,6,1,7,79,1,card,1
3332,8450,59,740,89492,self_employed,business,0,1,5,327,3,bank_transfer,1
3333,4881,45,839,34109,self_employed,travel,6,1,8,196,0,card,0
3334,3413,35,761,18497,employed,travel,5,4,2,195,3,bank_transfer,1
3335,7863,31,593,72326,employed,medical,3,1,3,23,3,paypal,0
3336,6039,35,699,24864,unemployed,travel,4,2,7,14,4,card,1
3337,2395,45,391,112046,employed,business,5,3,6,289,4,crypto,1
3338,5785,41,305,108517,employed,travel,1,4,7,9,0,bank_transfer,1
3339,1796,25,570,102562,student,shopping,7,3,8,140,1,card,0
3340,2046,59,398,89310,employed,emergency,6,3,7,242,2,card,1
3341,2883,62,825,36017,employed,travel,5,4,7,253,4,card,1
3342,3744,25,493,16821,self_employed,education,3,4,5,227,0,card,1
3343,5341,21,456,65337,self_employed,education,7,1,1,95,0,paypal,0
3344,6520,44,414,60485,employed,emergency,6,2,6,179,1,bank_transfer,1
3345,7657,53,695,98557,unemployed,education,3,4,3,3,0,paypal,1
3346,2745,22,821,71388,employed,education,7,3,2,184,5,bank_transfer,1
3347,6689,50,513,25372,employed,shopping,7,4,3,46,0,card,0
3348,6453,66,832,115050,employed,shopping,3,2,3,292,1,card,0
3349,2032,51,314,108938,self_employed,shopping,3,0,2,141,4,bank_transfer,1
3350,1857,47,718,86333,employed,travel,3,3,8,13,1,bank_transfer,1
3351,5185,25,667,31283,employed,emergency,1,0,2,186,3,card,1
3352,5737,56,512,55857,student,education,0,0,1,85,4,paypal,0
3353,1216,64,304,66772,employed,medical,2,2,0,43,3,bank_transfer,1
3354,592,43,530,74670,student,emergency,0,4,0,156,0,paypal,0
3355,8911,54,500,88133,self_employed,medical,2,0,4,184,3,bank_transfer,1
3356,7988,51,701,110856,unemployed,education,4,1,4,47,1,card,0
3357,6574,24,448,46261,self_employed,business,6,4,8,206,1,bank_transfer,1
3358,9838,57,791,72154,employed,emergency,3,3,3,210,2,card,0
3359,5058,45,525,21107,employed,travel,4,4,4,275,5,bank_transfer,1
3360,9897,56,468,106296,student,medical,4,2,5,83,0,card,1
3361,9567,56,451,50561,student,emergency,6,2,9,97,1,card,1
3362,2843,45,523,91674,employed,emergency,2,3,6,179,4,card,1
3363,7966,31,803,50268,self_employed,shopping,1,3,8,355,1,card,1
3364,7260,67,849,46608,employed,business,3,3,5,148,4,card,1
3365,5551,55,343,28138,unemployed,shopping,7,2,0,285,0,paypal,0
3366,5358,21,803,52693,unemployed,business,5,4,7,72,5,bank_transfer,1
3367,8648,59,540,98000,unemployed,business,6,0,1,217,2,card,0
3368,7286,35,650,36248,student,travel,7,0,8,209,2,bank_transfer,0
3369,6202,61,322,117757,unemployed,emergency,6,1,6,321,3,bank_transfer,1
3370,9161,65,342,33632,employed,shopping,7,2,6,294,1,card,1
3371,9177,42,765,62547,student,shopping,4,3,9,124,0,bank_transfer,1
3372,9575,24,339,27100,self_employed,medical,0,4,9,350,3,bank_transfer,1
3373,719,55,602,62930,unemployed,emergency,7,2,4,156,0,paypal,1
3374,982,45,474,81861,self_employed,education,3,1,7,33,0,bank_transfer,0
3375,9088,22,831,91905,employed,education,7,0,9,269,3,card,1
3376,3742,20,760,68025,self_employed,medical,1,4,0,216,0,card,1
3377,1396,61,492,90876,self_employed,business,3,0,2,101,3,bank_transfer,0
3378,8536,48,543,93944,employed,medical,5,4,8,180,5,card,1
3379,2995,64,579,65840,employed,medical,5,3,0,127,1,paypal,0
3380,6693,59,335,34369,self_employed,shopping,4,4,7,333,3,card,1
3381,1029,37,839,33460,employed,medical,7,3,5,169,1,card,1
3382,5466,36,453,106641,employed,business,0,2,9,305,2,card,1
3383,8811,65,322,111920,employed,education,4,0,4,135,3,bank_transfer,1
3384,3312,28,390,16461,unemployed,travel,1,4,5,292,5,bank_transfer,1
3385,2509,57,689,57362,student,emergency,2,4,4,93,2,card,0
3386,8299,20,658,113376,employed,medical,5,1,8,221,3,paypal,1
3387,3523,40,849,43610,student,emergency,0,0,1,155,0,card,0
3388,7076,24,527,119334,self_employed,medical,5,2,9,280,2,card,1
3389,7694,40,501,35995,employed,emergency,1,3,5,199,4,card,1
3390,5258,24,649,99716,employed,shopping,1,2,3,337,4,paypal,1
3391,3767,63,337,22717,self_employed,shopping,7,1,2,241,4,bank_transfer,0
3392,6073,51,799,93867,employed,emergency,5,2,4,98,2,bank_transfer,0
3393,6336,59,342,94472,student,medical,4,3,1,250,1,card,1
3394,8377,36,816,79022,employed,medical,5,0,2,105,3,bank_transfer,0
3395,2568,26,367,68668,employed,business,7,1,6,261,0,bank_transfer,0
3396,6317,65,422,66645,unemployed,education,4,4,0,129,0,card,1
3397,3719,68,635,44550,employed,education,5,4,1,327,2,card,0
3398,1736,35,452,101151,self_employed,travel,4,0,2,259,4,paypal,0
3399,8255,58,461,18576,employed,education,7,2,9,292,5,card,1
3400,3683,65,513,55868,employed,travel,2,4,6,140,0,bank_transfer,1
3401,4109,62,675,113039,employed,shopping,3,1,3,15,5,card,0
3402,3426,59,742,61380,employed,travel,3,3,7,184,5,bank_transfer,1
3403,8248,42,722,20728,employed,travel,4,2,7,16,0,card,1
3404,2317,69,837,47800,employed,education,4,3,0,221,1,card,0
3405,5067,31,529,25886,self_employed,medical,6,2,4,63,0,bank_transfer,0
3406,2469,61,358,94614,self_employed,shopping,6,1,0,241,0,crypto,0
3407,3738,42,395,84909,employed,business,2,3,6,279,3,crypto,1
3408,9235,36,561,62236,student,travel,7,1,3,333,0,card,0
3409,5822,56,653,60805,employed,travel,3,3,7,257,3,card,1
3410,4544,32,611,47532,employed,emergency,2,2,7,185,4,bank_transfer,1
3411,7718,33,435,115696,self_employed,travel,6,1,8,76,1,card,1
3412,4047,44,772,43688,employed,medical,6,2,5,27,5,bank_transfer,1
3413,1776,57,729,26063,employed,business,1,2,6,25,0,bank_transfer,1
3414,1296,27,836,38089,employed,emergency,5,3,6,342,1,bank_transfer,1
3415,2887,21,445,70942,student,education,6,3,4,62,5,bank_transfer,1
3416,7532,68,823,66829,self_employed,shopping,3,1,6,146,1,card,1
3417,9753,36,386,65553,employed,medical,4,4,8,233,5,bank_transfer,1
3418,8027,45,408,48585,employed,business,7,0,3,349,5,bank_transfer,1
3419,3418,38,722,86739,student,shopping,0,3,1,286,1,paypal,0
3420,8958,64,644,74004,self_employed,education,6,2,7,84,2,card,1
3421,6789,31,565,17438,employed,shopping,1,0,6,175,3,card,0
3422,2276,50,793,108095,employed,emergency,5,1,5,170,5,crypto,1
3423,3843,65,632,38212,employed,travel,0,0,6,290,5,bank_transfer,0
3424,8892,27,712,65362,employed,travel,2,0,2,4,5,paypal,0
3425,4522,36,490,87177,student,medical,5,4,5,287,5,bank_transfer,1
3426,3924,47,441,31983,employed,shopping,2,4,9,307,1,paypal,1
3427,9271,39,372,29026,employed,travel,2,0,6,50,5,card,1
3428,2551,20,466,65998,unemployed,medical,4,4,6,270,4,card,1
3429,728,54,467,70744,self_employed,medical,2,4,4,8,0,paypal,1
3430,9921,58,558,72013,self_employed,emergency,6,0,2,357,5,paypal,0
3431,7878,35,738,66039,employed,medical,0,3,1,69,1,bank_transfer,0
3432,3796,28,410,64831,self_employed,education,1,4,6,139,5,bank_transfer,1
3433,3774,65,830,100172,self_employed,travel,7,0,3,248,1,paypal,0
3434,4029,19,589,49603,employed,travel,6,3,1,29,5,card,1
3435,2865,29,809,92758,unemployed,business,4,4,7,183,0,bank_transfer,1
3436,4469,23,474,82713,student,education,1,0,1,213,5,card,0
3437,8407,60,601,113452,self_employed,travel,2,4,5,320,4,card,1
3438,5056,57,484,28105,employed,emergency,3,3,3,305,5,card,1
3439,792,61,638,115048,employed,travel,5,0,8,19,5,paypal,1
3440,3262,46,809,82182,employed,business,4,3,4,226,1,bank_transfer,0
3441,1205,47,609,67147,employed,shopping,2,2,3,230,1,crypto,0
3442,3108,19,806,90400,student,shopping,4,1,7,339,5,card,0
3443,2261,26,645,61434,employed,education,3,2,2,96,4,card,1
3444,8445,64,380,41515,student,medical,7,4,8,115,1,card,1
3445,3799,19,673,104298,employed,business,0,3,7,359,4,card,1
3446,3886,46,455,73001,employed,business,6,0,7,180,1,card,1
3447,9356,50,731,116971,self_employed,travel,0,3,9,78,0,card,1
3448,4300,27,799,73397,employed,emergency,5,4,4,327,4,card,1
3449,2013,51,446,76415,student,travel,0,0,0,276,0,card,0
3450,9508,61,780,31960,unemployed,emergency,7,2,9,352,0,bank_transfer,1
3451,5620,25,734,108143,employed,business,6,3,8,182,1,paypal,1
3452,1872,54,818,96838,employed,medical,6,1,1,95,4,bank_transfer,0
3453,2880,50,368,60778,employed,shopping,7,4,0,86,2,paypal,1
3454,7523,64,485,45941,self_employed,education,3,4,5,95,0,paypal,1
3455,2971,23,503,111857,employed,emergency,1,3,0,335,0,card,1
3456,760,61,312,110849,self_employed,shopping,7,2,9,145,0,bank_transfer,1
3457,6342,57,573,118083,employed,education,3,2,9,248,1,bank_transfer,0
3458,1232,62,597,55955,self_employed,medical,3,1,9,181,1,card,0
3459,799,36,350,93565,student,business,2,1,6,293,0,paypal,1
3460,7570,49,799,116276,employed,medical,7,3,6,19,5,bank_transfer,1
3461,6397,44,668,71908,employed,emergency,0,0,0,138,1,card,0
3462,7912,18,656,79067,employed,business,4,2,9,44,1,bank_transfer,1
3463,4657,60,302,70696,employed,travel,6,0,4,226,1,bank_transfer,0
3464,2279,69,553,33429,employed,education,5,0,2,345,3,bank_transfer,0
3465,9165,50,774,109048,employed,travel,1,3,1,37,4,card,1
3466,8375,57,805,91676,unemployed,business,6,1,4,314,1,bank_transfer,0
3467,1522,49,555,29847,unemployed,education,4,0,4,220,3,card,0
3468,3280,22,449,62191,student,education,2,3,1,128,3,crypto,1
3469,4416,34,787,49256,employed,travel,7,1,5,143,1,paypal,0
3470,6796,25,578,43774,self_employed,education,2,0,6,183,5,bank_transfer,0
3471,9683,59,358,24127,employed,business,1,0,0,43,3,card,0
3472,714,51,745,43205,employed,emergency,4,1,2,210,2,card,0
3473,4670,26,412,115106,employed,emergency,1,1,3,48,3,card,1
3474,370,40,788,96163,employed,business,1,4,1,312,4,bank_transfer,1
3475,2568,52,706,73764,employed,travel,0,4,9,220,3,card,1
3476,9682,67,666,116824,employed,medical,7,3,4,196,1,bank_transfer,0
3477,3707,24,359,53664,unemployed,business,4,3,3,172,5,card,1
3478,3175,32,628,71795,employed,emergency,0,2,1,237,0,bank_transfer,0
3479,389,37,768,47333,unemployed,business,6,4,0,175,2,card,1
3480,8220,67,362,51079,employed,education,0,1,7,32,3,card,1
3481,6714,42,483,99225,employed,education,6,4,1,224,5,bank_transfer,1
3482,3352,20,610,39259,employed,business,5,3,3,54,2,bank_transfer,0
3483,7515,63,837,41571,self_employed,travel,0,3,9,186,4,bank_transfer,1
3484,6871,41,476,66119,employed,medical,3,3,4,234,3,bank_transfer,1
3485,378,51,728,23009,employed,education,2,1,1,317,3,paypal,0
3486,680,63,372,76829,employed,emergency,2,0,9,231,2,card,1
3487,5058,39,466,53230,employed,education,3,3,8,110,3,card,1
3488,8545,28,524,71049,self_employed,emergency,6,4,1,100,3,bank_transfer,1
3489,4376,65,308,116762,employed,medical,6,0,5,200,0,paypal,1
3490,8097,25,535,51498,employed,education,7,4,6,211,2,bank_transfer,1
3491,4876,56,327,43820,student,travel,1,3,5,221,1,bank_transfer,1
3492,924,60,326,55315,employed,emergency,4,1,3,325,1,card,0
3493,3932,52,849,110018,self_employed,education,4,0,0,150,4,bank_transfer,0
3494,8991,66,495,47795,student,education,4,0,1,163,0,card,0
3495,5545,63,502,100411,unemployed,business,0,3,9,143,2,bank_transfer,1
3496,1480,55,384,54191,employed,travel,4,3,9,258,2,card,1
3497,9965,25,329,69453,self_employed,travel,4,3,5,245,0,card,1
3498,6634,54,765,27453,employed,business,6,2,7,150,0,card,1
3499,3256,44,398,65325,self_employed,emergency,4,1,2,112,4,card,1
3500,4407,45,489,64490,employed,shopping,2,1,6,99,1,card,1
3501,5734,57,311,89796,employed,medical,3,3,8,103,5,card,1
3502,8675,51,329,64993,student,travel,5,2,3,211,2,bank_transfer,1
3503,5910,49,337,60706,employed,shopping,6,3,6,12,5,bank_transfer,1
3504,8633,32,593,57817,student,emergency,1,3,6,226,0,card,1
3505,6034,61,659,79544,student,medical,3,1,9,301,2,bank_transfer,0
3506,3209,34,479,106434,employed,travel,4,2,8,148,1,paypal,1
3507,4182,50,411,70710,employed,education,1,1,2,179,2,bank_transfer,0
3508,3340,64,743,65799,employed,travel,1,3,0,7,5,bank_transfer,0
3509,6128,63,320,75964,unemployed,medical,3,4,7,152,2,bank_transfer,1
3510,1949,69,444,68678,employed,shopping,3,0,3,323,0,card,0
3511,8597,33,798,86150,self_employed,education,3,3,1,70,0,card,1
3512,2849,46,445,112379,self_employed,medical,6,2,4,353,0,card,0
3513,6780,26,740,75438,unemployed,emergency,6,4,3,53,1,card,1
3514,9427,50,720,92223,student,medical,5,2,0,162,3,bank_transfer,1
3515,305,66,615,76926,self_employed,travel,3,3,6,93,1,card,1
3516,7452,46,465,18801,employed,emergency,5,3,3,151,0,paypal,1
3517,4691,30,502,56048,employed,business,0,0,7,58,4,paypal,1
3518,3550,38,795,55144,employed,business,7,2,8,196,2,bank_transfer,1
3519,7314,38,767,109478,student,education,2,4,7,325,2,bank_transfer,1
3520,3911,22,684,25148,self_employed,medical,7,0,0,208,5,card,0
3521,5241,27,613,97819,student,shopping,5,2,7,303,2,bank_transfer,1
3522,8601,23,554,34861,self_employed,education,2,3,4,299,5,paypal,1
3523,2808,68,322,115048,employed,emergency,4,0,0,62,2,card,0
3524,2091,30,638,76717,employed,education,0,3,8,195,4,card,1
3525,8563,18,792,37480,employed,travel,1,1,8,55,5,card,1
3526,3373,37,810,33637,employed,emergency,3,1,6,363,0,bank_transfer,0
3527,4638,64,665,59621,self_employed,shopping,4,0,6,49,3,card,0
3528,8812,63,671,75304,employed,medical,1,0,0,106,2,bank_transfer,0
3529,9268,25,518,62431,self_employed,emergency,6,2,8,78,5,bank_transfer,1
3530,3822,27,774,114937,self_employed,medical,2,4,0,284,3,card,1
3531,3651,26,722,103921,employed,medical,1,4,6,57,5,bank_transfer,1
3532,2932,66,655,71172,employed,education,7,1,8,169,1,card,0
3533,5779,58,759,40437,employed,travel,3,1,8,207,1,card,0
3534,6679,20,802,23149,employed,education,3,1,4,260,2,card,0
3535,252,28,326,29671,self_employed,business,7,3,5,276,0,bank_transfer,1
3536,5854,29,522,118005,employed,business,5,4,1,345,4,paypal,1
3537,2900,27,447,38119,student,medical,5,0,1,163,5,card,0
3538,5410,42,723,61117,student,travel,6,1,9,244,2,card,0
3539,2710,66,650,114317,employed,emergency,2,2,8,250,1,paypal,1
3540,1204,66,485,31279,self_employed,medical,3,0,0,309,1,bank_transfer,0
3541,7461,42,714,83835,self_employed,emergency,0,0,9,39,5,card,1
3542,4299,28,728,114810,self_employed,medical,4,0,4,309,5,bank_transfer,0
3543,3954,53,340,19803,employed,education,2,4,6,121,5,paypal,1
3544,7363,56,692,97897,employed,medical,2,1,9,86,3,card,1
3545,2014,43,378,75805,employed,medical,1,2,5,99,4,card,1
3546,7465,31,843,33201,employed,travel,2,3,5,246,5,card,1
3547,3172,56,749,43634,student,travel,6,2,5,348,5,bank_transfer,1
3548,9298,57,773,29760,self_employed,emergency,7,2,7,208,2,card,1
3549,506,18,441,25826,unemployed,travel,4,2,6,113,0,paypal,1
3550,266,21,550,101821,employed,medical,0,3,4,83,3,bank_transfer,1
3551,608,47,593,60775,employed,travel,1,2,9,65,4,bank_transfer,1
3552,1761,29,435,89676,self_employed,travel,4,2,1,1,3,card,1
3553,3764,52,783,21798,employed,shopping,7,1,9,174,5,crypto,0
3554,3589,30,611,81103,employed,shopping,7,1,5,250,0,bank_transfer,0
3555,780,69,345,92160,employed,business,5,1,9,226,5,bank_transfer,1
3556,2624,48,535,92751,employed,education,2,0,4,284,1,crypto,0
3557,2220,55,347,88502,self_employed,education,6,2,3,84,5,paypal,1
3558,5360,60,497,66410,employed,travel,3,4,9,239,2,bank_transfer,1
3559,4457,40,383,55888,self_employed,business,5,4,4,28,2,card,1
3560,1463,21,842,64047,student,business,3,4,8,287,0,card,1
3561,9623,69,460,110289,employed,emergency,4,3,1,328,5,paypal,1
3562,2392,33,727,117614,unemployed,shopping,0,1,5,304,2,paypal,0
3563,1638,24,370,60955,employed,business,3,1,8,282,2,card,1
3564,3508,39,819,16982,unemployed,medical,6,1,9,183,5,bank_transfer,1
3565,7842,46,351,48864,employed,emergency,4,3,4,345,3,bank_transfer,1
3566,8852,28,344,94118,self_employed,travel,1,2,5,135,0,card,1
3567,9391,50,592,100490,employed,medical,2,0,9,361,3,bank_transfer,1
3568,2003,46,764,54265,student,education,0,1,3,57,2,card,0
3569,274,56,849,61313,self_employed,shopping,7,2,4,115,5,bank_transfer,1
3570,2330,29,679,59350,employed,medical,6,4,7,186,4,card,1
3571,4387,24,777,30378,unemployed,travel,6,0,0,1,5,bank_transfer,0
3572,4260,56,561,84815,employed,medical,0,4,0,338,4,card,1
3573,7206,59,478,42924,employed,medical,1,2,9,29,3,card,1
3574,9789,65,656,97593,self_employed,business,0,2,3,232,1,card,1
3575,3271,43,718,22312,self_employed,shopping,4,4,9,150,5,bank_transfer,1
3576,1667,57,500,45353,employed,education,0,0,2,190,1,card,0
3577,1251,26,312,115673,employed,travel,0,4,4,270,0,bank_transfer,1
3578,7719,58,742,101450,unemployed,emergency,0,4,9,248,4,card,1
3579,6133,51,585,31192,self_employed,emergency,7,4,7,327,4,bank_transfer,1
3580,8660,62,557,32450,employed,travel,4,0,0,195,3,bank_transfer,0
3581,5046,30,847,20432,employed,education,5,3,4,255,5,card,1
3582,8334,53,789,72225,unemployed,travel,2,0,4,79,2,card,0
3583,2007,42,797,111548,self_employed,business,3,4,1,363,0,card,0
3584,3590,41,632,113991,unemployed,emergency,5,1,4,98,3,bank_transfer,0
3585,2635,61,331,93711,employed,emergency,0,1,7,150,1,bank_transfer,1
3586,4273,34,342,80604,self_employed,medical,1,2,9,274,5,card,1
3587,1393,19,650,25295,self_employed,business,6,3,6,302,2,bank_transfer,1
3588,4869,30,633,21774,employed,emergency,1,2,1,338,0,card,0
3589,4896,48,569,27190,self_employed,business,4,2,5,123,5,card,1
3590,6971,46,712,46286,self_employed,business,2,1,9,98,2,bank_transfer,0
3591,3072,67,318,91325,employed,education,0,0,0,164,1,card,0
3592,4022,45,646,109450,student,emergency,4,2,9,46,3,bank_transfer,1
3593,5097,44,336,112480,student,shopping,3,2,9,359,3,crypto,1
3594,7132,32,391,87427,student,education,2,3,2,239,4,card,1
3595,1092,48,484,102513,student,education,2,1,5,230,5,bank_transfer,1
3596,8212,57,327,79014,employed,business,4,0,8,293,3,paypal,1
3597,5387,32,847,110887,employed,shopping,5,3,0,244,4,card,1
3598,2340,50,671,90852,student,education,6,0,5,18,3,card,1
3599,1576,37,829,70256,employed,shopping,1,0,1,171,0,card,0
3600,6526,59,644,113743,employed,emergency,5,2,8,360,5,bank_transfer,1
3601,489,29,718,73630,employed,business,2,3,1,157,1,bank_transfer,0
3602,1099,54,495,106190,employed,education,1,2,2,204,5,bank_transfer,1
3603,1955,26,377,77771,self_employed,shopping,2,4,1,146,5,bank_transfer,1
3604,8225,40,466,66715,employed,travel,7,0,3,143,2,bank_transfer,0
3605,8950,25,389,22466,employed,education,6,3,3,187,1,card,1
3606,2863,49,563,32637,unemployed,education,2,1,9,122,1,crypto,0
3607,3763,65,771,83745,student,education,2,2,0,350,4,card,1
3608,5086,31,507,51317,student,shopping,3,4,7,100,4,card,1
3609,1581,44,570,64766,self_employed,medical,1,4,4,284,0,paypal,0
3610,7356,42,562,18078,student,emergency,3,4,7,15,2,paypal,1
3611,3831,30,805,42299,student,education,1,2,5,43,3,bank_transfer,1
3612,7362,38,811,116794,self_employed,travel,6,1,1,289,3,card,0
3613,551,62,823,18543,unemployed,travel,6,3,6,187,1,paypal,1
3614,9829,48,611,109627,employed,business,7,0,9,8,5,bank_transfer,1
3615,3193,54,473,66052,unemployed,medical,3,1,8,112,0,bank_transfer,0
3616,982,65,730,109483,employed,medical,3,2,6,33,5,crypto,1
3617,4508,60,762,37064,employed,shopping,3,3,4,90,2,card,0
3618,4168,22,400,87287,employed,business,6,0,3,149,3,bank_transfer,1
3619,3377,30,315,95442,employed,shopping,6,3,7,212,1,bank_transfer,1
3620,8666,45,557,98632,self_employed,business,4,0,5,116,0,card,0
3621,8051,60,543,29425,unemployed,emergency,3,0,4,173,2,card,1
3622,4790,42,647,66481,unemployed,medical,7,4,6,20,5,card,1
3623,4695,68,548,92347,unemployed,emergency,5,2,2,132,1,bank_transfer,1
3624,4659,52,404,98114,employed,shopping,5,1,8,292,1,card,1
3625,7391,64,586,87317,unemployed,business,2,4,3,354,5,card,1
3626,8260,56,468,101826,employed,medical,0,4,3,237,0,card,1
3627,212,24,719,65530,student,medical,3,3,7,77,0,card,0
3628,5231,55,346,96099,employed,education,0,0,5,223,0,card,0
3629,3297,49,342,40888,employed,shopping,0,0,0,126,0,card,0
3630,239,20,620,42491,unemployed,education,2,3,1,39,2,paypal,0
3631,1524,62,520,47352,unemployed,medical,0,2,8,327,0,card,1
3632,3049,56,812,36676,self_employed,shopping,7,0,5,209,0,bank_transfer,0
3633,3268,54,740,80836,student,shopping,6,4,6,106,0,bank_transfer,1
3634,8808,67,443,52463,employed,emergency,0,4,8,140,2,bank_transfer,1
3635,6143,39,327,63990,self_employed,travel,6,0,2,249,3,card,1
3636,7089,25,466,101544,self_employed,business,6,0,4,55,1,paypal,0
3637,7336,34,548,78627,employed,travel,5,2,4,118,4,bank_transfer,1
3638,6361,69,656,35221,employed,travel,6,0,9,350,5,card,1
3639,987,44,410,109870,employed,medical,0,2,6,176,1,card,1
3640,3204,50,533,100837,self_employed,emergency,1,4,1,354,2,card,1
3641,149,63,323,87843,employed,business,7,2,3,213,5,card,1
3642,4051,34,325,66313,employed,travel,3,0,3,265,0,bank_transfer,0
3643,3660,59,680,44251,employed,travel,7,1,7,140,2,card,0
3644,118,29,645,61586,self_employed,shopping,7,0,9,325,3,bank_transfer,0
3645,4921,65,677,114693,self_employed,medical,3,1,2,339,4,paypal,0
3646,6440,63,821,89418,self_employed,travel,0,4,1,284,3,card,1
3647,8158,44,316,68884,employed,business,2,3,8,273,0,card,1
3648,9765,65,544,67620,employed,education,1,4,3,22,2,bank_transfer,1
3649,2706,25,838,25040,employed,education,2,4,8,187,2,bank_transfer,1
3650,7946,40,501,86677,student,medical,2,4,5,207,0,card,1
3651,8743,59,547,60878,employed,education,0,2,0,147,0,paypal,1
3652,6532,66,417,20969,employed,shopping,4,4,2,154,4,paypal,1
3653,3865,46,308,28162,self_employed,shopping,0,3,6,108,3,bank_transfer,1
3654,2538,67,322,80435,employed,business,5,0,8,316,0,card,0
3655,9841,37,539,89667,student,emergency,4,1,7,300,0,bank_transfer,1
3656,6458,33,326,20037,employed,medical,6,4,4,299,3,bank_transfer,1
3657,8419,34,380,75526,self_employed,medical,1,1,7,151,0,card,1
3658,6041,33,498,102914,employed,education,4,4,1,175,5,card,1
3659,7744,36,391,29693,employed,travel,0,2,2,55,4,bank_transfer,1
3660,4955,25,383,107162,employed,travel,0,1,7,267,4,card,1
3661,6647,55,599,74090,student,emergency,2,4,8,311,3,card,1
3662,7296,55,595,17451,unemployed,travel,0,4,9,154,1,paypal,1
3663,6011,46,753,80560,employed,emergency,6,3,7,190,4,paypal,1
3664,6581,58,580,20962,student,business,5,3,3,149,2,bank_transfer,1
3665,2861,53,358,115860,self_employed,medical,0,3,5,8,2,card,1
3666,4556,43,641,111951,unemployed,education,3,2,4,148,1,card,0
3667,9707,48,764,104552,student,business,3,1,3,173,4,bank_transfer,0
3668,6461,61,641,31444,employed,shopping,2,2,8,81,0,bank_transfer,1
3669,5793,29,361,55443,self_employed,shopping,4,0,9,79,5,bank_transfer,1
3670,5888,34,728,31506,employed,shopping,4,4,2,321,1,card,0
3671,301,32,555,53384,employed,emergency,3,4,0,60,0,bank_transfer,1
3672,6260,26,646,112229,employed,emergency,5,4,6,95,5,paypal,1
3673,617,56,825,39248,unemployed,medical,1,3,9,312,2,card,1
3674,7837,59,603,61162,unemployed,shopping,6,4,7,128,5,card,1
3675,9633,65,544,57690,student,emergency,7,3,2,122,1,bank_transfer,1
3676,2088,29,711,84625,unemployed,emergency,6,0,2,287,4,bank_transfer,0
3677,3902,49,516,83008,student,travel,6,2,5,341,2,card,1
3678,5908,42,815,75309,employed,emergency,5,2,1,87,4,paypal,1
3679,7262,56,773,58237,employed,shopping,3,2,5,81,0,card,1
3680,6341,35,335,50732,employed,business,6,3,4,22,4,paypal,1
3681,8499,32,477,23104,employed,shopping,5,1,6,252,5,card,1
3682,5733,49,686,98230,employed,travel,1,1,8,190,1,card,0
3683,5855,23,316,105266,employed,shopping,4,0,8,312,0,paypal,0
3684,6409,61,347,49980,student,education,3,1,0,86,1,paypal,0
3685,4217,60,361,89990,student,travel,7,0,6,8,5,crypto,1
3686,8445,69,368,54560,self_employed,medical,0,4,2,318,0,card,1
3687,1618,52,665,24554,unemployed,shopping,6,2,3,334,1,bank_transfer,0
3688,6263,51,461,106049,employed,emergency,1,3,1,230,2,card,1
3689,2700,55,787,60987,student,business,1,0,0,152,1,card,0
3690,2295,22,730,45985,employed,shopping,1,3,9,278,2,card,1
3691,3654,35,788,105298,employed,business,4,3,2,15,5,card,1
3692,2949,33,529,63167,unemployed,education,5,2,9,287,3,paypal,1
3693,1842,25,669,55428,employed,medical,2,4,8,248,4,card,1
3694,1406,42,477,82238,employed,emergency,6,4,0,255,0,bank_transfer,1
3695,3949,49,709,77723,employed,travel,0,1,2,343,4,bank_transfer,0
3696,7619,43,569,32038,self_employed,travel,6,4,4,325,5,card,1
3697,4295,69,505,37219,unemployed,medical,3,2,2,167,2,crypto,1
3698,5278,39,381,19271,employed,education,7,3,3,81,2,card,1
3699,2655,48,492,42397,student,education,5,0,3,296,2,paypal,0
3700,2405,60,488,89491,employed,shopping,1,0,0,69,1,paypal,0
3701,7719,27,575,44602,employed,education,7,4,5,183,4,paypal,1
3702,9380,29,373,69471,employed,shopping,6,1,6,327,2,bank_transfer,1
3703,2742,45,309,77150,student,business,4,0,6,64,3,card,1
3704,9469,23,515,59227,employed,medical,1,1,5,264,5,card,1
3705,6509,37,589,112081,self_employed,business,5,0,6,327,2,bank_transfer,0
3706,4857,22,744,38116,employed,business,3,1,2,86,4,card,0
3707,3094,40,492,21674,employed,business,7,1,4,44,2,paypal,0
3708,8851,26,588,32469,student,business,0,3,6,294,2,bank_transfer,1
3709,1371,46,443,20446,employed,travel,1,2,9,149,0,card,1
3710,1913,33,688,35760,employed,education,6,0,4,260,2,card,0
3711,8901,63,706,16963,employed,medical,6,4,9,311,4,card,1
3712,2561,39,669,91002,self_employed,medical,7,2,1,349,5,bank_transfer,1
3713,4220,25,740,42262,self_employed,emergency,4,3,5,59,0,card,1
3714,6224,37,828,20177,employed,business,7,3,6,94,0,bank_transfer,1
3715,8575,68,312,26160,employed,medical,4,3,1,323,2,bank_transfer,1
3716,4496,31,639,117876,employed,shopping,2,4,9,5,2,card,1
3717,9383,56,611,22543,employed,medical,4,0,7,83,3,bank_transfer,1
3718,916,54,403,97162,student,business,2,0,4,328,4,bank_transfer,0
3719,7404,67,638,54278,student,medical,0,1,7,37,5,bank_transfer,1
3720,7431,51,497,44607,self_employed,education,3,1,2,27,4,crypto,1
3721,182,28,599,100835,employed,business,2,1,1,13,1,card,0
3722,2020,57,743,32221,self_employed,travel,1,4,6,65,5,card,1
3723,7917,50,658,18323,student,education,5,2,4,203,1,paypal,1
3724,2193,48,667,67105,self_employed,medical,6,0,4,180,4,card,0
3725,7171,61,468,91151,student,travel,1,1,7,297,2,card,1
3726,8067,51,448,81968,self_employed,emergency,6,4,8,271,0,bank_transfer,1
3727,8467,67,341,38238,self_employed,education,3,4,7,15,3,bank_transfer,1
3728,5385,24,501,78830,employed,emergency,7,1,9,1,2,card,0
3729,5037,66,543,88967,self_employed,shopping,4,3,1,271,5,bank_transfer,1
3730,469,40,763,23330,employed,education,5,3,9,48,5,card,1
3731,1918,63,748,59153,student,travel,1,3,6,182,0,bank_transfer,1
3732,2201,24,736,23611,student,emergency,5,1,4,183,5,bank_transfer,0
3733,3590,42,830,28872,student,shopping,2,4,6,328,4,bank_transfer,1
3734,1879,20,572,64455,employed,emergency,3,4,2,214,5,bank_transfer,1
3735,7774,55,729,49930,employed,medical,1,0,3,27,2,card,0
3736,1464,37,512,87022,employed,business,4,3,6,226,5,card,1
3737,7394,51,403,77714,self_employed,emergency,5,1,1,158,3,card,1
3738,3776,66,491,117406,student,medical,4,0,1,60,5,card,0
3739,2526,61,679,103794,self_employed,business,5,4,0,66,1,bank_transfer,0
3740,8364,61,380,63716,employed,business,1,0,0,174,0,bank_transfer,0
3741,8189,47,848,81704,unemployed,travel,3,3,0,52,2,card,1
3742,3062,34,676,15415,unemployed,shopping,0,2,5,243,3,paypal,1
3743,959,27,453,91441,employed,shopping,1,3,4,337,2,bank_transfer,1
3744,4238,52,539,85779,self_employed,education,4,3,9,291,4,card,1
3745,2524,37,673,97069,student,medical,0,1,7,244,0,card,0
3746,9356,35,503,107556,self_employed,travel,7,2,4,121,4,bank_transfer,1
3747,4117,62,649,103444,unemployed,emergency,3,2,0,42,5,card,1
3748,8660,61,442,86435,employed,medical,4,2,7,184,4,paypal,1
3749,8442,44,488,114142,self_employed,emergency,3,4,5,45,5,bank_transfer,1
3750,1234,66,571,119448,self_employed,emergency,5,0,7,52,1,paypal,0
3751,5266,53,831,24888,student,emergency,1,4,1,151,4,card,1
3752,5219,40,599,60299,student,education,3,2,9,29,3,bank_transfer,1
3753,5794,49,725,73765,unemployed,education,4,1,7,57,0,paypal,0
3754,6236,27,345,77714,employed,travel,1,3,5,275,1,card,1
3755,5585,28,394,30935,student,education,6,3,0,209,2,card,1
3756,4264,55,363,88002,employed,travel,4,4,0,8,4,bank_transfer,1
3757,2446,23,712,95631,employed,education,4,4,9,247,2,crypto,1
3758,5139,58,308,91729,employed,shopping,6,1,4,195,1,bank_transfer,0
3759,4997,64,758,16320,student,travel,6,3,6,322,2,bank_transfer,1
3760,8352,51,708,61032,unemployed,shopping,0,4,3,339,3,bank_transfer,1
3761,5141,53,769,92763,employed,shopping,2,0,9,28,1,card,0
3762,4001,54,805,32907,employed,travel,3,4,4,345,0,card,0
3763,1437,34,372,53002,student,medical,3,4,9,331,0,card,1
3764,1284,57,383,59838,self_employed,business,0,2,2,296,0,card,1
3765,4526,57,358,53912,unemployed,education,7,0,1,235,0,paypal,0
3766,1651,29,320,15552,employed,emergency,5,0,1,130,1,bank_transfer,0
3767,1729,38,757,35140,employed,education,7,1,4,76,1,crypto,0
3768,9619,57,456,100591,employed,emergency,3,2,3,233,5,card,1
3769,1626,36,628,63737,employed,medical,6,0,1,230,1,card,0
3770,9965,20,502,48367,employed,business,7,2,4,332,4,paypal,1
3771,1461,35,405,95634,employed,medical,0,2,9,351,5,card,1
3772,9865,68,421,39061,employed,business,3,3,8,310,1,card,1
3773,4470,36,617,111590,employed,travel,3,0,7,189,1,card,0
3774,5383,64,481,95336,unemployed,travel,4,3,8,2,1,card,1
3775,7710,23,615,57124,employed,emergency,0,4,8,336,0,crypto,1
3776,2093,33,705,60638,employed,shopping,6,4,7,65,3,bank_transfer,1
3777,969,25,369,106115,student,shopping,5,3,8,52,0,paypal,1
3778,1114,65,459,16982,self_employed,emergency,3,4,3,34,5,paypal,1
3779,702,35,539,50765,self_employed,travel,5,3,7,301,3,card,1
3780,790,69,822,97606,self_employed,emergency,2,1,1,240,3,bank_transfer,0
3781,8785,65,437,111422,student,shopping,0,2,8,129,3,card,1
3782,589,60,794,69681,student,emergency,0,1,8,243,5,card,1
3783,6964,56,546,78232,self_employed,travel,0,0,2,356,5,paypal,0
3784,7340,66,842,77349,student,medical,6,1,5,308,0,card,0
3785,7886,66,823,115063,employed,education,7,1,6,323,4,card,1
3786,8124,29,542,78474,employed,travel,6,4,2,98,2,card,1
3787,394,62,635,44513,student,emergency,4,3,4,76,4,card,1
3788,5588,27,721,37592,employed,travel,7,0,0,312,0,card,0
3789,4127,24,493,38618,unemployed,travel,0,4,2,219,3,card,1
3790,3012,63,607,66632,employed,shopping,4,0,7,306,2,card,0
3791,4844,18,805,30409,employed,emergency,6,2,2,101,4,paypal,1
3792,1973,66,580,24529,unemployed,shopping,2,3,7,119,5,card,1
3793,3358,53,738,39154,employed,emergency,1,4,8,140,5,card,1
3794,2917,38,782,47882,unemployed,shopping,4,1,5,225,1,card,0
3795,8736,54,522,59917,unemployed,shopping,3,2,6,255,5,bank_transfer,1
3796,3741,69,416,97488,student,medical,0,1,5,73,4,bank_transfer,1
3797,4558,41,491,30701,self_employed,travel,7,0,7,312,0,crypto,0
3798,5407,42,815,90281,self_employed,medical,1,2,6,306,2,bank_transfer,1
3799,9033,24,829,104871,student,shopping,4,4,9,156,1,card,1
3800,2141,59,606,83225,student,medical,7,1,0,259,5,card,0
3801,779,34,831,67492,self_employed,travel,7,1,2,64,5,bank_transfer,0
3802,5838,46,421,17988,unemployed,travel,5,0,2,310,2,bank_transfer,0
3803,5768,47,453,50919,self_employed,shopping,6,0,2,36,2,card,0
3804,9650,24,836,63426,unemployed,travel,5,3,3,248,4,bank_transfer,1
3805,7797,50,751,67167,employed,medical,3,3,0,44,5,paypal,1
3806,8133,24,468,24013,employed,business,1,0,1,119,3,bank_transfer,1
3807,162,41,358,54113,employed,travel,2,3,4,349,5,bank_transfer,1
3808,7929,28,600,18574,employed,medical,4,1,5,181,4,bank_transfer,1
3809,7452,26,849,113016,student,medical,5,0,8,70,1,card,1
3810,7015,29,416,22838,employed,medical,5,2,1,358,0,card,1
3811,8426,52,426,108899,unemployed,travel,4,0,8,267,5,card,1
3812,3744,21,704,46368,employed,business,5,4,6,219,4,card,1
3813,5070,53,698,47228,employed,shopping,2,4,8,190,3,paypal,1
3814,8103,45,814,64711,employed,shopping,7,0,3,256,3,card,0
3815,3378,30,797,61097,self_employed,travel,5,2,6,187,4,bank_transfer,1
3816,7396,40,827,70773,employed,travel,4,0,0,227,1,bank_transfer,0
3817,9114,36,697,43639,employed,education,0,2,7,61,3,bank_transfer,1
3818,3174,59,564,29823,self_employed,emergency,5,1,6,168,3,bank_transfer,1
3819,8412,54,562,38510,employed,business,4,1,6,132,5,bank_transfer,1
3820,7652,56,697,53333,employed,medical,7,2,1,155,5,card,1
3821,1737,41,826,19435,student,emergency,7,3,9,272,1,paypal,1
3822,5203,33,735,53418,employed,medical,0,1,8,210,1,card,0
3823,9216,50,659,72955,employed,emergency,5,4,7,7,1,card,1
3824,744,29,428,74507,employed,shopping,5,0,0,11,1,bank_transfer,0
3825,2132,51,540,66033,employed,emergency,4,3,0,200,4,card,1
3826,2861,24,521,101089,self_employed,travel,3,4,4,251,4,card,1
3827,2168,28,513,87972,employed,business,3,0,1,64,2,crypto,0
3828,341,48,434,117012,student,shopping,1,4,0,180,2,bank_transfer,1
3829,2768,46,685,62219,unemployed,emergency,3,3,9,128,2,paypal,1
3830,902,30,602,49477,employed,business,2,2,7,262,3,card,1
3831,5159,48,586,104780,unemployed,travel,7,0,3,120,1,card,0
3832,295,19,488,57721,employed,medical,1,4,1,48,4,bank_transfer,1
3833,2287,56,596,82228,employed,education,7,4,4,69,4,paypal,1
3834,2430,32,825,30523,employed,business,3,3,5,262,1,bank_transfer,1
3835,4941,28,688,47326,employed,medical,0,3,7,230,2,paypal,1
3836,3706,51,758,57205,self_employed,business,6,3,6,252,5,crypto,1
3837,8568,56,560,15125,employed,business,4,2,6,231,3,bank_transfer,1
3838,160,21,412,81735,student,business,7,1,0,224,4,card,0
3839,4027,28,335,119396,self_employed,travel,3,4,2,207,0,bank_transfer,0
3840,6396,46,378,31375,employed,shopping,0,2,2,341,3,crypto,1
3841,2691,19,574,17711,self_employed,business,6,4,6,28,3,card,1
3842,8858,33,577,47437,unemployed,travel,1,2,1,219,2,bank_transfer,1
3843,9863,56,611,43022,employed,education,4,0,9,337,1,bank_transfer,0
3844,6221,30,828,24182,employed,shopping,7,1,6,101,0,card,0
3845,1300,54,503,108177,employed,travel,3,4,8,58,2,bank_transfer,1
3846,2954,34,316,110066,employed,education,1,3,0,24,1,card,1
3847,7124,38,775,103148,employed,shopping,7,1,1,227,0,paypal,0
3848,9528,61,810,86531,employed,travel,3,4,5,169,5,bank_transfer,1
3849,7072,36,509,55950,self_employed,education,1,0,1,246,5,paypal,1
3850,236,24,798,118806,self_employed,travel,7,4,1,324,4,card,1
3851,1129,55,701,27920,self_employed,education,3,4,4,212,0,card,0
3852,2694,25,728,37144,employed,business,6,4,6,363,2,paypal,1
3853,7306,30,377,99418,employed,business,0,1,3,266,0,card,0
3854,761,54,379,17565,employed,shopping,2,4,5,21,0,card,1
3855,2572,19,605,103909,employed,education,6,3,2,124,0,card,1
3856,186,58,357,68942,unemployed,business,7,2,3,97,4,bank_transfer,1
3857,6319,28,829,85560,employed,shopping,0,3,3,138,5,card,1
3858,8243,41,507,39691,employed,medical,4,0,3,338,5,bank_transfer,1
3859,7068,23,810,48799,employed,business,3,1,0,353,1,bank_transfer,0
3860,2873,43,434,81777,student,business,2,2,3,93,0,bank_transfer,1
3861,1800,24,821,49510,student,emergency,6,1,3,95,3,paypal,0
3862,2800,56,382,119013,employed,travel,2,1,5,24,2,card,1
3863,6915,36,343,102919,employed,medical,4,4,8,136,3,bank_transfer,1
3864,1747,23,782,92366,employed,education,7,3,9,334,1,card,1
3865,6138,60,792,43975,self_employed,shopping,4,2,5,133,2,paypal,1
3866,5264,46,798,68242,unemployed,medical,2,4,5,54,1,paypal,1
3867,5620,60,317,61546,self_employed,education,4,2,6,292,2,card,1
3868,3787,56,593,107087,self_employed,business,4,3,6,112,5,card,1
3869,696,19,447,38267,employed,emergency,7,4,0,131,5,card,1
3870,4645,36,771,92911,employed,shopping,3,2,7,278,3,paypal,1
3871,8776,21,471,102049,student,shopping,0,4,0,264,3,bank_transfer,1
3872,8937,23,830,84939,employed,medical,5,1,8,78,4,paypal,0
3873,4857,66,419,19897,unemployed,travel,7,0,3,263,1,card,0
3874,4484,54,365,15163,employed,education,1,2,8,68,3,bank_transfer,1
3875,9012,45,440,116614,employed,emergency,7,3,7,62,2,bank_transfer,1
3876,4833,47,745,67540,self_employed,emergency,2,2,8,363,0,paypal,1
3877,7181,24,805,97915,employed,medical,1,0,5,175,0,card,1
3878,8790,26,488,45030,employed,travel,2,2,8,280,0,card,1
3879,7217,42,457,70313,employed,travel,2,2,3,236,4,paypal,1
3880,4829,50,545,44870,self_employed,travel,0,2,2,136,3,card,1
3881,1773,18,332,44482,employed,shopping,6,3,2,224,1,bank_transfer,1
3882,8406,68,660,46058,employed,education,6,0,7,89,1,bank_transfer,0
3883,7278,23,629,72255,self_employed,education,2,0,1,107,4,card,0
3884,2394,35,811,107407,employed,medical,2,3,5,41,2,card,1
3885,3730,27,370,79930,unemployed,business,0,2,8,186,5,bank_transfer,1
3886,246,45,612,65500,employed,medical,4,2,8,188,3,card,1
3887,3553,28,378,41379,self_employed,education,6,0,7,9,3,card,1
3888,4607,50,468,82787,employed,shopping,5,2,7,180,2,bank_transfer,1
3889,5883,18,479,38674,student,medical,7,1,0,186,2,crypto,0
3890,7851,30,559,21590,self_employed,business,1,2,6,82,3,bank_transfer,1
3891,5728,54,785,46432,unemployed,emergency,2,2,0,177,3,paypal,1
3892,8428,37,304,55426,employed,medical,0,4,8,94,0,paypal,1
3893,3460,18,596,64584,employed,travel,2,0,2,116,1,paypal,0
3894,3105,69,659,102663,self_employed,business,6,0,0,160,0,crypto,0
3895,3652,20,416,53015,employed,travel,0,1,7,245,0,bank_transfer,0
3896,118,35,656,88251,employed,shopping,1,1,6,283,1,bank_transfer,0
3897,2342,58,738,84353,unemployed,education,3,1,1,213,4,bank_transfer,0
3898,6418,31,630,110029,employed,medical,6,0,6,152,5,paypal,0
3899,5197,48,824,97990,unemployed,medical,4,4,4,166,4,bank_transfer,1
3900,8740,44,487,19600,employed,travel,7,4,6,143,4,bank_transfer,1
3901,2048,34,580,39690,self_employed,travel,7,3,9,25,4,card,1
3902,9237,63,810,48762,self_employed,education,3,0,6,200,2,paypal,0
3903,5718,46,765,52499,employed,medical,0,3,1,233,0,card,0
3904,4336,53,414,102988,unemployed,education,2,2,1,4,2,card,1
3905,7001,54,535,22670,employed,travel,4,1,6,288,2,bank_transfer,1
3906,2020,43,637,101687,student,emergency,6,3,2,173,1,card,0
3907,4288,34,821,32341,self_employed,travel,1,3,3,184,4,card,0
3908,338,39,498,110140,employed,business,7,0,6,251,3,card,1
3909,304,42,349,88823,unemployed,travel,6,1,1,291,4,card,0
3910,5652,19,441,99074,employed,travel,5,1,1,286,0,card,0
3911,5027,39,827,32015,student,emergency,4,4,8,359,2,bank_transfer,1
3912,4490,22,813,80126,employed,education,7,3,0,112,0,paypal,0
3913,2787,21,329,70197,student,business,2,4,2,305,2,card,0
3914,5051,53,381,64849,self_employed,business,7,3,9,350,2,bank_transfer,1
3915,6260,23,330,30852,employed,medical,7,0,3,339,2,paypal,0
3916,5488,69,632,70361,self_employed,emergency,3,0,4,130,3,card,0
3917,9640,38,476,36258,employed,shopping,0,2,2,187,4,bank_transfer,1
3918,5226,30,669,118866,employed,medical,3,3,8,29,2,card,1
3919,916,54,846,77355,employed,medical,6,3,4,158,1,bank_transfer,0
3920,9112,42,834,56508,employed,medical,4,1,6,235,5,card,0
3921,292,43,405,82784,employed,business,5,1,6,278,5,crypto,1
3922,1876,56,396,86728,employed,education,2,4,8,102,2,card,1
3923,3745,37,529,42410,employed,travel,0,2,1,225,4,bank_transfer,1
3924,6414,50,526,24895,employed,business,2,0,2,275,4,card,0
3925,8542,31,670,86942,employed,travel,2,3,3,323,3,bank_transfer,1
3926,1888,53,399,48924,self_employed,travel,5,4,7,232,2,card,1
3927,7474,34,744,85831,self_employed,shopping,4,2,0,342,1,card,0
3928,3800,38,767,27264,employed,medical,3,1,8,274,3,card,0
3929,9459,63,354,43038,student,shopping,2,2,4,113,3,card,1
3930,3993,33,494,119458,self_employed,medical,6,4,3,139,2,bank_transfer,1
3931,6911,63,819,24136,self_employed,business,6,0,7,216,2,card,0
3932,9388,33,723,28213,employed,travel,2,1,8,314,3,bank_transfer,1
3933,2779,37,614,92608,employed,shopping,2,1,2,274,3,bank_transfer,0
3934,4004,46,427,116589,student,emergency,0,0,3,328,3,card,1
3935,7360,45,331,42431,student,business,2,1,0,349,0,card,0
3936,604,25,392,57290,employed,business,6,4,2,184,3,paypal,1
3937,9913,41,818,82539,employed,emergency,2,1,9,312,4,bank_transfer,1
3938,9679,20,557,100535,self_employed,medical,7,3,4,194,5,card,1
3939,6873,42,519,111815,self_employed,travel,7,2,7,279,1,bank_transfer,1
3940,3916,36,405,57747,student,medical,4,4,0,272,1,paypal,1
3941,817,50,847,90974,employed,medical,6,0,0,300,5,card,0
3942,4534,19,715,94763,employed,business,2,4,2,72,2,bank_transfer,0
3943,758,32,608,84208,employed,medical,5,3,8,196,3,card,1
3944,5157,39,665,87994,employed,education,7,1,8,270,1,card,0
3945,4108,27,820,99075,employed,emergency,5,1,0,331,1,card,0
3946,5094,35,758,84015,student,emergency,6,4,3,240,4,bank_transfer,1
3947,4334,39,669,29887,employed,travel,2,1,7,108,4,bank_transfer,0
3948,3864,63,630,15051,student,emergency,5,1,1,292,0,card,0
3949,4737,66,310,82695,employed,medical,4,3,3,300,5,card,1
3950,2204,44,806,84926,employed,medical,0,0,6,100,0,bank_transfer,1
3951,9547,30,718,100571,employed,shopping,5,2,6,81,1,card,1
3952,6901,50,421,43491,employed,travel,6,4,4,270,2,bank_transfer,1
3953,8675,22,534,31080,student,travel,5,0,6,349,1,card,1
3954,2707,43,630,49880,employed,emergency,3,2,5,17,2,paypal,1
3955,8485,30,842,74965,employed,medical,4,0,1,193,1,card,0
3956,3819,44,647,62361,employed,education,5,4,8,212,4,bank_transfer,1
3957,2681,31,711,102685,employed,shopping,0,3,4,353,3,card,1
3958,2665,41,523,95875,student,education,3,3,1,126,1,bank_transfer,1
3959,2863,20,452,109841,employed,medical,6,3,5,310,0,paypal,1
3960,6428,64,511,81890,self_employed,travel,6,0,9,126,2,card,1
3961,6091,68,391,86156,self_employed,travel,2,4,4,130,2,bank_transfer,1
3962,3506,66,630,84290,employed,education,4,1,1,145,1,card,0
3963,9023,47,766,31593,employed,business,7,1,9,256,2,card,1
3964,4880,52,527,31167,student,medical,5,3,9,23,0,paypal,1
3965,4277,65,493,103091,self_employed,travel,2,0,6,214,4,card,0
3966,6576,31,829,48005,employed,emergency,4,1,9,129,3,card,1
3967,2704,29,542,80471,employed,business,6,0,1,12,3,card,1
3968,8281,45,688,65728,employed,travel,3,4,6,141,2,bank_transfer,1
3969,2482,61,575,23691,employed,emergency,5,3,5,268,1,paypal,1
3970,631,46,749,24756,employed,travel,6,2,3,57,2,card,1
3971,6179,60,777,51308,employed,business,7,3,3,86,0,bank_transfer,0
3972,734,34,779,79079,employed,education,0,2,5,274,5,card,1
3973,102,57,587,80524,employed,medical,7,1,8,103,1,card,0
3974,8497,66,839,75466,employed,business,4,2,9,339,4,bank_transfer,1
3975,6051,38,629,24327,student,business,6,0,5,350,0,bank_transfer,0
3976,5726,40,769,43520,self_employed,travel,6,2,5,143,4,card,1
3977,7839,37,833,58308,unemployed,emergency,7,1,0,334,1,paypal,1
3978,6103,28,766,109436,employed,business,0,1,4,329,4,card,0
3979,2990,51,719,31533,self_employed,medical,7,3,0,176,0,card,0
3980,6339,27,421,112417,employed,education,7,1,8,133,0,crypto,1
3981,8126,27,607,108318,self_employed,emergency,2,0,9,344,2,bank_transfer,1
3982,3406,60,633,59488,employed,education,6,2,3,264,5,paypal,1
3983,997,23,719,82160,employed,education,2,4,1,147,1,bank_transfer,0
3984,9377,53,625,55429,unemployed,medical,3,1,8,12,3,card,1
3985,9571,41,549,66726,self_employed,travel,3,2,5,328,5,bank_transfer,1
3986,770,29,394,101348,unemployed,emergency,1,3,9,55,3,card,1
3987,7391,60,595,88065,employed,emergency,1,4,2,230,4,bank_transfer,1
3988,1605,40,483,35653,employed,medical,3,3,1,122,3,bank_transfer,1
3989,6560,44,559,71921,employed,emergency,5,0,5,349,3,crypto,0
3990,5267,62,485,108396,self_employed,business,7,3,9,233,0,bank_transfer,1
3991,5355,54,708,28654,self_employed,shopping,2,2,5,162,0,card,1
3992,349,23,368,17108,unemployed,shopping,0,4,8,82,0,bank_transfer,1
3993,6557,18,307,84483,employed,shopping,6,3,4,47,3,card,1
3994,1992,23,564,22899,self_employed,education,7,3,8,364,4,bank_transfer,1
3995,3539,67,783,28372,employed,emergency,6,0,4,291,1,bank_transfer,0
3996,2954,39,670,52682,employed,medical,3,2,1,160,2,card,0
3997,9795,58,382,110909,employed,emergency,7,3,0,179,4,crypto,1
3998,3892,41,510,119971,employed,medical,5,2,8,362,0,paypal,1
3999,5430,42,612,82799,employed,emergency,7,1,9,208,4,crypto,1
4000,7971,32,636,106724,employed,education,0,0,6,40,1,card,1
4001,8335,43,789,51583,employed,business,1,0,2,214,5,bank_transfer,1
4002,3712,25,702,44295,employed,shopping,0,0,5,352,0,paypal,0
4003,2718,68,490,81113,employed,shopping,3,2,9,154,1,bank_transfer,1
4004,4778,41,634,95565,employed,emergency,2,3,3,338,5,card,1
4005,3263,65,821,64574,employed,education,7,3,8,293,2,paypal,1
4006,9580,55,386,116067,unemployed,shopping,3,2,1,166,4,paypal,1
4007,3042,23,361,79934,unemployed,emergency,6,2,3,272,2,bank_transfer,1
4008,8511,52,686,45066,employed,travel,6,1,0,24,3,card,0
4009,2025,59,445,98149,unemployed,emergency,4,4,6,115,4,card,1
4010,3072,18,452,100096,self_employed,medical,5,4,3,351,5,bank_transfer,1
4011,1090,63,648,23945,employed,shopping,5,0,4,260,3,bank_transfer,0
4012,1912,53,477,44418,employed,shopping,5,3,0,306,1,bank_transfer,1
4013,9095,29,786,97607,unemployed,travel,4,0,1,364,3,card,0
4014,589,55,546,64874,self_employed,business,4,3,3,226,5,card,1
4015,5976,28,553,32130,student,emergency,2,3,1,102,5,card,1
4016,9785,29,799,101257,student,business,5,1,0,131,1,card,0
4017,3745,59,840,83248,employed,emergency,3,2,9,264,2,bank_transfer,1
4018,7181,67,651,97627,employed,travel,4,2,0,12,0,card,1
4019,2991,56,811,96393,employed,business,3,2,5,322,2,bank_transfer,1
4020,9997,24,312,56394,employed,education,1,4,1,181,3,bank_transfer,1
4021,3616,28,450,64635,employed,travel,5,2,2,349,1,card,0
4022,3440,53,349,114837,employed,emergency,4,4,4,161,3,paypal,1
4023,6510,69,514,97089,employed,medical,4,0,2,114,5,bank_transfer,0
4024,153,48,671,32404,employed,medical,2,4,5,18,0,bank_transfer,1
4025,2675,50,412,87629,employed,medical,3,3,6,104,4,paypal,1
4026,715,30,551,28156,employed,emergency,2,1,9,186,4,card,0
4027,6044,35,640,70618,employed,shopping,2,1,5,342,4,card,0
4028,7504,58,352,64999,employed,travel,3,3,1,93,3,card,1
4029,1054,41,429,28785,self_employed,travel,1,0,8,301,4,bank_transfer,1
4030,1729,26,492,63359,unemployed,business,3,1,1,143,1,bank_transfer,0
4031,6959,48,356,105807,employed,travel,1,3,5,143,0,bank_transfer,1
4032,8941,58,396,29694,employed,travel,2,1,8,301,5,card,1
4033,3378,27,497,51114,student,business,1,4,8,100,2,card,1
4034,5555,19,446,84549,employed,travel,5,1,1,62,5,card,1
4035,3901,55,594,72230,student,travel,1,4,8,84,1,card,1
4036,2661,32,311,47799,employed,education,7,4,7,276,0,bank_transfer,1
4037,6639,20,632,105288,student,emergency,1,1,6,167,2,bank_transfer,1
4038,470,60,519,26156,unemployed,business,7,1,7,295,4,card,1
4039,957,48,697,25304,self_employed,education,4,4,9,129,2,card,1
4040,4986,23,641,55645,employed,shopping,4,1,7,364,3,card,0
4041,7585,20,811,53938,student,business,6,0,0,67,3,bank_transfer,1
4042,483,28,471,71982,student,emergency,2,2,8,47,4,crypto,1
4043,4434,32,767,92614,student,travel,3,2,5,310,4,card,1
4044,4390,62,465,106614,employed,travel,1,3,0,148,1,paypal,0
4045,2825,69,469,17315,student,education,5,2,0,250,1,paypal,0
4046,6304,45,811,107756,employed,education,4,0,6,137,5,card,0
4047,6211,27,488,112267,employed,shopping,3,2,9,95,3,paypal,1
4048,4351,55,419,113369,self_employed,shopping,5,2,1,238,0,bank_transfer,0
4049,1022,64,404,27420,employed,emergency,1,0,5,284,1,crypto,1
4050,3015,67,340,33312,self_employed,travel,3,4,4,320,0,bank_transfer,1
4051,8057,67,620,36395,self_employed,medical,6,2,4,35,5,card,1
4052,3146,24,634,55301,employed,shopping,7,3,9,296,3,crypto,1
4053,9266,32,459,61972,self_employed,travel,7,2,5,358,1,card,1
4054,1330,35,563,78294,unemployed,shopping,5,2,7,258,0,paypal,1
4055,7747,35,829,95853,employed,business,0,0,4,270,5,card,0
4056,5033,69,776,63225,self_employed,education,5,0,7,355,0,bank_transfer,0
4057,9655,58,651,97504,employed,travel,5,3,4,324,1,card,1
4058,4040,41,844,37854,employed,shopping,1,1,9,47,4,crypto,1
4059,6583,19,509,85780,employed,education,7,0,5,94,5,card,1
4060,303,57,795,45929,employed,medical,3,1,7,182,5,card,1
4061,260,37,681,72103,employed,shopping,1,3,1,190,2,bank_transfer,1
4062,9060,51,780,78620,unemployed,travel,1,2,6,51,4,crypto,1
4063,3848,60,304,104590,self_employed,business,0,2,2,206,5,card,1
4064,6818,43,333,99124,employed,education,6,1,8,304,2,card,1
4065,2681,24,444,59590,employed,education,5,3,9,333,0,bank_transfer,1
4066,1193,55,650,115196,employed,business,3,3,6,125,1,card,1
4067,4600,47,764,87554,employed,travel,6,0,2,212,5,paypal,0
4068,8899,59,647,25621,employed,emergency,2,1,7,266,3,card,1
4069,5810,22,424,15973,employed,medical,4,0,9,135,1,bank_transfer,1
4070,9832,28,570,73786,employed,emergency,6,1,1,273,4,bank_transfer,0
4071,2975,18,656,119919,employed,business,1,0,9,278,2,card,0
4072,3291,51,826,52097,self_employed,medical,1,0,7,315,1,bank_transfer,0
4073,1937,18,797,49245,student,travel,7,3,6,300,2,paypal,1
4074,789,36,452,80211,employed,shopping,1,3,4,267,4,card,1
4075,3859,19,352,69841,employed,shopping,1,2,3,298,4,card,1
4076,2203,38,448,40346,employed,emergency,4,2,9,279,1,card,1
4077,465,37,802,86980,unemployed,travel,2,3,9,214,5,bank_transfer,1
4078,8192,40,749,105417,student,medical,0,3,0,62,3,card,1
4079,4272,38,518,64153,self_employed,emergency,2,0,3,54,5,paypal,1
4080,6133,41,576,105382,unemployed,business,4,2,5,338,3,bank_transfer,1
4081,2478,21,751,91942,employed,emergency,3,3,5,112,2,card,1
4082,1305,29,727,105975,unemployed,travel,0,1,1,269,1,bank_transfer,0
4083,5088,39,382,20972,employed,travel,0,1,8,324,0,bank_transfer,0
4084,5769,37,517,63063,employed,shopping,3,2,0,107,4,paypal,1
4085,2835,35,826,80488,self_employed,business,5,1,3,283,5,bank_transfer,0
4086,9967,18,703,72055,employed,shopping,1,0,3,168,2,card,0
4087,8590,47,589,118409,self_employed,medical,7,2,1,74,4,bank_transfer,1
4088,1056,50,719,79366,employed,medical,7,3,7,236,2,bank_transfer,1
4089,9406,41,638,25931,self_employed,education,4,1,1,92,1,bank_transfer,0
4090,6723,31,718,22702,employed,travel,3,0,1,85,2,paypal,0
4091,1574,53,506,99834,employed,business,7,3,1,75,2,card,1
4092,4560,22,564,36540,unemployed,business,2,4,0,84,0,card,0
4093,7102,28,335,72450,student,shopping,2,0,4,245,2,bank_transfer,0
4094,6496,41,672,112576,unemployed,emergency,5,1,3,228,3,paypal,1
4095,2928,48,787,80252,self_employed,emergency,3,0,1,83,2,crypto,0
4096,2950,30,558,61904,self_employed,shopping,4,4,0,15,2,crypto,0
4097,3064,33,830,67320,self_employed,emergency,5,4,0,301,1,card,0
4098,4694,41,322,46000,employed,business,5,0,1,181,2,bank_transfer,0
4099,9241,30,403,110341,employed,shopping,5,3,0,338,0,card,1
4100,6744,41,540,17599,employed,emergency,7,3,8,263,1,card,1
4101,2950,43,552,102636,student,education,7,4,1,78,4,card,1
4102,265,19,441,111045,employed,travel,0,2,2,229,3,card,1
4103,1019,33,750,115539,unemployed,education,0,2,8,233,3,card,1
4104,8405,55,606,99719,employed,emergency,1,3,4,30,4,card,1
4105,3604,63,799,71165,self_employed,medical,7,2,7,155,2,card,1
4106,1091,18,307,73855,employed,business,4,3,6,305,0,card,1
4107,6147,66,368,118777,employed,education,2,1,5,185,0,bank_transfer,1
4108,3939,28,367,15018,unemployed,education,2,3,1,357,0,card,1
4109,1358,68,707,15858,employed,shopping,1,1,3,255,0,bank_transfer,0
4110,7709,52,817,40992,employed,shopping,2,4,8,169,2,card,1
4111,8806,60,418,47580,employed,shopping,5,2,6,81,4,paypal,1
4112,4904,46,330,85916,employed,emergency,7,4,2,286,4,card,1
4113,167,54,817,50800,employed,medical,1,0,5,210,3,card,1
4114,9888,34,782,73770,self_employed,education,1,0,7,259,4,bank_transfer,1
4115,5760,56,506,69941,employed,travel,3,4,7,37,0,paypal,1
4116,4578,59,686,99451,self_employed,shopping,0,3,7,286,2,card,1
4117,8310,45,711,52487,employed,medical,4,3,7,54,1,card,1
4118,3621,46,669,27943,student,emergency,4,2,9,212,1,paypal,1
4119,672,60,652,118167,student,medical,0,4,5,342,0,card,1
4120,7182,20,635,117342,employed,shopping,5,0,9,100,5,card,0
4121,7932,69,588,76457,employed,business,4,4,2,85,3,paypal,1
4122,5495,27,439,33836,employed,education,2,4,8,213,1,paypal,1
4123,2358,59,599,116150,student,shopping,2,2,2,264,5,card,1
4124,6139,31,312,26394,self_employed,travel,4,3,3,86,0,crypto,0
4125,750,29,727,87158,unemployed,education,6,0,9,63,2,bank_transfer,0
4126,5841,64,699,40280,employed,medical,6,2,0,192,1,card,0
4127,6938,59,408,92318,employed,travel,7,0,1,93,0,bank_transfer,0
4128,2687,47,784,16159,employed,education,3,0,5,253,1,bank_transfer,0
4129,7976,49,655,85162,employed,travel,4,3,0,138,2,bank_transfer,0
4130,3362,49,448,38440,employed,medical,1,3,8,49,4,crypto,1
4131,1438,59,606,117026,employed,shopping,5,2,7,121,4,card,1
4132,5096,49,832,92166,self_employed,travel,7,1,1,39,2,bank_transfer,0
4133,5880,43,359,67712,employed,shopping,7,2,1,34,2,bank_transfer,0
4134,2927,68,734,62656,student,medical,1,2,7,358,4,card,1
4135,5332,18,320,21589,employed,medical,0,1,7,266,2,bank_transfer,1
4136,2317,59,681,63241,unemployed,travel,5,0,0,9,2,bank_transfer,0
4137,3639,19,544,38233,unemployed,travel,5,4,4,188,2,paypal,1
4138,7945,34,372,50011,unemployed,medical,2,1,1,96,4,paypal,1
4139,9329,47,748,23177,student,travel,5,4,0,133,4,bank_transfer,1
4140,4483,56,375,49528,student,travel,3,0,2,163,5,card,0
4141,3061,24,689,118746,self_employed,travel,4,1,2,139,1,bank_transfer,0
4142,3326,69,641,76351,employed,emergency,1,3,9,298,4,card,1
4143,6937,44,589,106908,self_employed,travel,2,2,8,80,1,card,1
4144,7131,26,630,71831,self_employed,education,7,1,9,91,4,bank_transfer,1
4145,9390,39,558,66827,unemployed,medical,7,1,0,256,3,bank_transfer,1
4146,9231,51,725,38508,employed,medical,6,0,1,148,1,bank_transfer,0
4147,3816,63,305,69933,employed,business,7,3,8,179,2,crypto,1
4148,3514,66,305,95501,self_employed,shopping,2,1,4,257,3,card,0
4149,1548,18,490,83772,unemployed,business,3,3,8,218,5,card,1
4150,670,26,447,30611,employed,travel,3,4,5,267,4,bank_transfer,1
4151,3004,37,704,37282,employed,travel,3,1,9,317,4,bank_transfer,1
4152,2605,36,557,56003,employed,education,3,3,9,79,5,card,1
4153,1017,53,778,96365,employed,education,6,2,2,167,3,card,1
4154,7082,57,389,89216,employed,education,1,0,7,104,0,card,1
4155,7527,62,309,26340,employed,education,3,3,8,304,2,paypal,1
4156,6436,21,386,111629,student,education,2,0,1,338,1,paypal,0
4157,1778,26,450,101643,employed,education,2,1,8,284,3,card,1
4158,715,58,329,89684,employed,education,6,1,3,345,1,card,0
4159,7186,39,427,98035,student,education,5,4,7,215,4,card,1
4160,4849,35,377,33165,unemployed,emergency,4,0,4,75,0,card,0
4161,3605,29,720,105762,unemployed,education,2,2,5,225,5,card,1
4162,4629,59,354,33260,employed,medical,2,2,3,336,0,card,1
4163,1235,60,779,69515,unemployed,education,6,3,4,292,1,bank_transfer,0
4164,8666,56,604,105452,employed,shopping,1,2,0,343,5,card,1
4165,7326,26,845,45480,self_employed,education,7,0,2,70,4,bank_transfer,0
4166,5262,23,404,67527,self_employed,emergency,5,1,3,363,5,card,1
4167,306,36,471,74789,employed,travel,2,0,0,190,5,paypal,0
4168,4975,65,798,66902,employed,emergency,0,0,2,106,0,crypto,0
4169,1419,64,321,47191,employed,emergency,2,1,3,70,2,card,0
4170,1241,24,586,74488,student,travel,7,0,8,10,4,card,0
4171,4727,33,690,90082,employed,education,4,2,2,214,3,card,0
4172,7489,22,448,51044,self_employed,education,4,3,2,5,3,card,1
4173,2790,33,571,64600,employed,travel,5,3,3,28,3,card,0
4174,7423,18,598,102457,employed,shopping,5,0,8,315,2,bank_transfer,1
4175,3355,68,471,63776,unemployed,business,3,1,8,241,4,bank_transfer,1
4176,8381,54,346,117476,student,medical,1,4,0,236,5,card,1
4177,5313,56,506,27836,unemployed,travel,7,0,7,92,1,bank_transfer,1
4178,4208,36,752,89525,employed,education,4,0,9,318,1,card,0
4179,3120,54,694,67648,employed,medical,0,4,0,345,4,card,1
4180,1957,34,600,28740,employed,education,0,3,1,363,2,bank_transfer,0
4181,9096,43,475,110716,employed,business,3,3,9,38,4,card,1
4182,9236,39,409,28102,employed,business,1,4,4,219,1,bank_transfer,1
4183,2889,25,501,95893,self_employed,travel,1,1,5,152,4,crypto,1
4184,3975,50,467,66334,employed,medical,5,0,1,192,3,paypal,1
4185,7705,19,385,45255,employed,emergency,2,2,9,121,5,card,1
4186,9902,47,350,116630,employed,medical,0,3,4,171,4,bank_transfer,1
4187,8235,64,411,40221,self_employed,emergency,0,3,2,110,5,card,1
4188,6155,37,762,78265,self_employed,business,6,3,6,144,0,crypto,0
4189,3982,35,741,15719,employed,education,0,1,0,66,4,crypto,0
4190,7275,60,570,98442,employed,emergency,0,4,4,322,1,card,1
4191,7229,27,643,38140,employed,emergency,6,1,2,197,1,paypal,0
4192,5121,41,482,70779,unemployed,travel,4,3,1,46,5,card,1
4193,4835,21,802,16069,unemployed,shopping,1,0,2,149,1,card,0
4194,2487,54,309,69714,self_employed,business,2,3,9,60,3,card,1
4195,6682,21,793,88285,employed,emergency,4,0,3,138,1,card,0
4196,9233,30,533,27935,employed,business,1,0,1,90,0,paypal,0
4197,5966,42,597,118191,self_employed,travel,3,3,1,212,4,card,0
4198,2666,30,543,59035,unemployed,education,0,3,2,169,2,paypal,1
4199,1075,35,808,111256,unemployed,medical,2,0,1,113,1,crypto,0
4200,7312,41,650,42937,student,business,1,1,5,341,4,paypal,1
4201,9246,19,566,33540,employed,travel,7,1,1,66,3,card,0
4202,1362,65,500,88480,unemployed,travel,3,1,0,302,4,bank_transfer,1
4203,5147,50,538,63702,self_employed,travel,0,2,7,118,1,bank_transfer,1
4204,9235,36,633,93283,student,medical,3,0,9,225,1,bank_transfer,0
4205,7482,26,714,91041,employed,business,6,2,3,151,5,card,1
4206,6331,45,783,92233,employed,emergency,3,2,1,167,1,bank_transfer,1
4207,3427,52,736,51907,employed,travel,4,0,3,95,0,bank_transfer,0
4208,5730,56,545,30221,employed,medical,3,2,1,260,4,bank_transfer,1
4209,2359,27,307,69781,employed,education,4,0,4,259,5,crypto,0
4210,1357,18,451,22087,student,shopping,7,4,6,120,2,card,1
4211,564,59,691,101998,employed,business,5,4,5,74,0,card,1
4212,3394,38,510,37789,employed,medical,4,0,1,362,2,bank_transfer,0
4213,6874,26,666,71023,employed,shopping,6,0,3,96,1,card,0
4214,7531,64,385,48400,employed,shopping,6,0,7,292,2,card,1
4215,1330,32,354,17199,unemployed,medical,3,1,6,177,2,card,1
4216,9176,52,745,62316,employed,emergency,1,0,6,27,0,paypal,1
4217,3905,22,603,102273,employed,emergency,3,3,3,309,0,paypal,0
4218,6519,58,431,67062,unemployed,medical,3,4,0,305,4,card,1
4219,5850,39,720,86609,student,medical,1,4,6,211,2,card,1
4220,3956,58,684,31744,employed,travel,0,0,5,358,0,card,0
4221,3235,40,497,91095,student,education,2,4,7,257,4,bank_transfer,1
4222,7053,24,346,70517,self_employed,emergency,5,0,4,318,2,bank_transfer,0
4223,9216,40,502,113231,student,travel,7,0,7,205,2,card,1
4224,6134,61,560,63865,employed,shopping,0,4,9,355,5,bank_transfer,1
4225,4689,42,323,88937,unemployed,shopping,3,4,7,66,1,card,1
4226,1646,44,639,92195,employed,shopping,0,3,8,150,0,crypto,0
4227,6165,58,711,28894,employed,medical,2,2,0,167,3,paypal,1
4228,1194,23,560,44160,employed,business,6,3,2,220,5,paypal,1
4229,2511,51,585,68095,employed,travel,0,3,5,300,0,card,1
4230,2717,26,812,44272,unemployed,business,2,4,3,258,5,bank_transfer,1
4231,9054,66,385,69021,self_employed,education,7,3,7,203,1,card,1
4232,4245,50,729,105048,employed,education,0,4,9,240,5,bank_transfer,1
4233,2875,68,330,48645,employed,travel,7,1,0,315,5,card,0
4234,6728,23,739,36179,employed,shopping,4,0,4,229,4,bank_transfer,0
4235,3255,54,648,25691,unemployed,emergency,3,2,3,156,0,bank_transfer,1
4236,4070,48,711,96646,self_employed,education,2,1,0,218,2,bank_transfer,0
4237,8072,51,827,115827,self_employed,business,5,0,9,195,3,paypal,1
4238,8875,58,609,60311,self_employed,business,3,0,5,270,4,bank_transfer,1
4239,5515,46,695,110381,student,emergency,4,2,9,16,0,card,1
4240,4431,31,637,54038,self_employed,medical,6,3,2,241,4,bank_transfer,1
4241,2042,53,736,39967,employed,shopping,0,0,4,252,2,crypto,0
4242,6126,53,664,43478,student,medical,3,2,5,51,5,bank_transfer,1
4243,8401,32,412,70775,self_employed,travel,0,4,3,356,3,bank_transfer,1
4244,291,25,475,85624,self_employed,education,0,0,9,28,2,paypal,0
4245,9195,43,448,55332,unemployed,emergency,3,0,9,53,3,bank_transfer,1
4246,961,53,477,22066,student,emergency,2,3,5,308,4,crypto,1
4247,6811,65,681,54313,student,emergency,2,3,6,116,5,card,1
4248,9375,38,522,82857,unemployed,medical,3,4,1,9,5,bank_transfer,1
4249,749,45,558,60900,employed,medical,2,0,6,11,0,card,0
4250,4234,21,488,105069,employed,travel,1,3,6,107,3,bank_transfer,1
4251,7687,33,605,105045,self_employed,business,0,2,1,301,2,card,0
4252,8928,39,677,56098,employed,business,3,0,2,341,3,card,0
4253,1136,29,642,23294,student,travel,5,2,2,258,4,card,0
4254,4231,33,455,77580,student,emergency,4,1,0,182,5,card,1
4255,2248,68,354,53101,self_employed,business,7,4,0,170,4,card,1
4256,5557,57,741,40059,unemployed,travel,6,3,9,325,4,paypal,1
4257,6179,55,499,111784,employed,business,3,1,5,139,0,card,1
4258,2530,59,702,55626,self_employed,travel,3,3,8,285,4,card,1
4259,1979,54,476,35703,self_employed,business,0,1,8,111,0,card,1
4260,7642,46,748,118693,employed,emergency,4,3,0,92,1,card,0
4261,2111,35,840,76417,employed,medical,0,4,6,220,3,paypal,1
4262,3473,27,600,74228,student,medical,5,0,5,5,5,paypal,1
4263,7457,59,606,18205,self_employed,emergency,6,2,3,20,5,paypal,1
4264,1389,56,566,49929,student,business,7,1,2,101,2,card,0
4265,1547,35,513,98384,employed,emergency,7,2,8,295,5,card,1
4266,3299,18,782,48411,employed,travel,2,2,9,157,0,card,1
4267,6481,56,561,95522,employed,medical,3,3,4,1,5,bank_transfer,1
4268,7622,38,366,26628,employed,education,0,0,7,212,0,paypal,1
4269,6159,18,432,118655,unemployed,business,7,3,3,119,5,paypal,1
4270,3283,32,839,85089,employed,education,6,2,3,260,2,card,0
4271,5562,21,811,21518,unemployed,education,5,4,5,175,3,card,1
4272,3316,37,510,53491,unemployed,shopping,5,0,5,134,4,card,1
4273,3236,27,552,22946,unemployed,education,6,0,2,102,3,bank_transfer,0
4274,3418,40,337,15610,employed,education,7,2,1,62,0,card,1
4275,2882,58,342,84838,unemployed,emergency,7,3,8,54,4,bank_transfer,1
4276,9282,51,704,49311,employed,shopping,1,4,1,305,1,paypal,1
4277,7757,63,345,114770,employed,shopping,3,1,8,7,2,bank_transfer,1
4278,5020,65,753,56876,employed,shopping,5,3,7,356,3,card,1
4279,6424,50,604,95192,unemployed,travel,6,0,9,3,4,card,1
4280,6427,51,532,119540,employed,shopping,2,3,6,332,2,bank_transfer,1
4281,8517,56,544,65333,employed,emergency,7,1,4,335,3,bank_transfer,1
4282,876,27,594,66298,employed,travel,0,4,2,149,0,bank_transfer,0
4283,5308,37,682,99192,employed,business,0,4,1,288,0,card,0
4284,787,18,457,56811,employed,travel,1,1,7,12,0,paypal,0
4285,629,30,704,85072,student,business,2,1,1,104,1,bank_transfer,0
4286,5167,18,300,57974,self_employed,shopping,5,2,7,111,5,paypal,1
4287,8180,22,516,34856,unemployed,shopping,6,0,4,263,0,card,1
4288,5618,33,806,116946,self_employed,business,1,2,8,173,0,card,1
4289,2253,32,329,59830,unemployed,medical,5,3,3,95,5,card,1
4290,9586,66,819,96983,employed,emergency,5,1,7,321,0,paypal,0
4291,6194,45,574,60823,self_employed,travel,3,2,6,203,4,card,1
4292,7074,48,791,113863,self_employed,emergency,4,0,7,45,2,card,0
4293,9818,40,335,115037,employed,emergency,6,0,4,34,1,card,0
4294,4874,65,610,89397,student,education,5,1,1,211,3,bank_transfer,0
4295,7792,62,343,100814,self_employed,shopping,0,2,6,225,5,paypal,1
4296,3203,60,454,82078,student,travel,5,4,2,264,5,paypal,1
4297,2540,34,376,82951,student,emergency,1,1,9,301,5,bank_transfer,1
4298,4235,66,737,27905,employed,travel,6,3,9,226,1,crypto,1
4299,7224,51,731,36601,self_employed,emergency,7,2,9,104,2,card,1
4300,5301,30,841,118691,employed,shopping,5,2,9,221,0,paypal,1
4301,944,31,338,102099,self_employed,emergency,6,1,1,334,5,card,0
4302,546,28,538,55955,self_employed,business,7,2,2,301,0,bank_transfer,1
4303,4015,45,312,87179,unemployed,shopping,7,2,3,123,3,card,1
4304,3209,59,421,63435,employed,travel,0,3,9,222,5,card,1
4305,1334,49,443,39044,employed,medical,0,3,6,43,1,card,1
4306,6687,52,754,26246,employed,emergency,1,4,9,210,1,card,1
4307,326,48,667,17458,employed,business,0,3,0,337,3,bank_transfer,1
4308,4243,34,546,73507,student,shopping,2,4,5,11,1,card,1
4309,7285,64,344,21028,student,education,2,3,5,216,1,card,1
4310,5658,26,674,118751,self_employed,shopping,4,4,7,164,1,paypal,1
4311,286,27,590,66901,student,travel,6,3,1,225,5,paypal,1
4312,2635,25,506,115252,employed,travel,2,3,1,225,3,crypto,1
4313,2032,38,818,21306,employed,education,1,1,0,246,5,bank_transfer,0
4314,9140,30,541,42678,employed,business,5,3,2,146,3,bank_transfer,1
4315,2132,67,413,105444,student,travel,2,4,6,191,2,paypal,1
4316,1352,22,601,27363,self_employed,business,4,1,7,261,1,bank_transfer,0
4317,5609,23,575,29066,self_employed,business,6,4,6,287,2,card,1
4318,5174,47,395,78804,employed,shopping,3,3,8,16,4,card,1
4319,1981,48,593,63544,employed,business,3,3,7,194,4,card,1
4320,369,34,659,113247,unemployed,emergency,7,4,7,9,1,paypal,1
4321,1730,28,587,15189,employed,travel,1,2,1,2,0,bank_transfer,0
4322,4505,37,453,26752,student,travel,4,1,0,293,4,bank_transfer,0
4323,6239,65,722,22482,employed,medical,2,1,5,84,0,card,0
4324,1674,26,349,31679,employed,business,4,3,6,209,2,card,1
4325,1795,19,506,105088,self_employed,medical,0,1,5,58,1,bank_transfer,0
4326,3358,54,512,15799,employed,shopping,4,4,6,339,2,bank_transfer,1
4327,3362,18,365,105917,self_employed,medical,7,3,7,106,5,card,1
4328,1545,21,531,24934,self_employed,business,2,1,1,136,2,card,0
4329,6363,53,619,72558,employed,travel,1,0,0,308,3,bank_transfer,0
4330,8511,42,436,74223,student,shopping,0,1,9,331,1,crypto,1
4331,152,20,364,99620,self_employed,business,4,4,7,77,3,paypal,1
4332,5670,26,813,56556,employed,shopping,3,1,7,325,2,card,0
4333,7679,39,431,24909,self_employed,education,7,2,7,210,0,bank_transfer,1
4334,1766,40,633,106467,self_employed,business,2,2,9,232,1,card,1
4335,7001,29,331,106404,employed,education,1,3,6,125,1,bank_transfer,1
4336,2885,27,797,58558,unemployed,medical,5,2,1,180,4,bank_transfer,1
4337,819,51,542,94382,employed,business,7,4,3,290,0,card,1
4338,8697,60,491,102793,student,education,2,0,8,214,5,bank_transfer,1
4339,6955,27,441,43013,student,emergency,4,0,7,97,0,bank_transfer,1
4340,2394,47,490,118018,employed,travel,6,3,3,249,2,crypto,0
4341,8363,39,448,37875,employed,medical,1,3,7,221,2,card,1
4342,9521,23,715,105253,employed,business,3,2,9,13,2,card,1
4343,9859,67,819,26408,employed,business,0,4,5,306,4,bank_transfer,1
4344,4582,19,315,50607,student,travel,4,2,8,91,0,bank_transfer,1
4345,798,47,405,76684,student,travel,1,4,0,193,3,bank_transfer,1
4346,7343,19,582,51281,employed,education,0,4,5,199,0,crypto,1
4347,9118,49,403,42326,self_employed,education,6,0,3,260,3,card,1
4348,6018,59,660,28601,unemployed,education,1,4,2,64,1,card,1
4349,448,33,334,16135,self_employed,shopping,5,1,4,330,3,paypal,0
4350,5474,29,412,37741,student,medical,4,4,9,232,1,bank_transfer,1
4351,7969,18,607,26913,student,business,1,0,7,227,5,card,1
4352,407,25,352,25101,employed,medical,3,2,9,167,5,bank_transfer,1
4353,3516,65,380,33631,employed,travel,6,4,5,251,2,bank_transfer,1
4354,4920,67,668,87084,self_employed,emergency,1,1,0,186,0,card,0
4355,3658,30,541,117820,employed,medical,7,3,5,249,2,card,1
4356,4578,32,330,51870,self_employed,medical,4,2,6,272,0,card,1
4357,6631,61,660,63985,self_employed,education,1,3,5,340,3,card,1
4358,4720,25,532,42215,student,travel,7,1,2,138,0,paypal,0
4359,3085,27,333,77110,employed,medical,0,0,8,109,3,card,1
4360,8212,63,542,117815,employed,business,7,0,9,318,0,card,1
4361,8567,22,358,34215,employed,education,0,2,9,44,1,bank_transfer,1
4362,2647,67,828,106118,employed,medical,6,4,3,342,3,bank_transfer,1
4363,436,36,377,29024,employed,travel,5,4,4,337,2,bank_transfer,1
4364,3079,64,601,91949,self_employed,emergency,2,3,4,201,2,card,0
4365,4068,55,411,96855,employed,business,6,0,2,104,2,paypal,0
4366,1010,28,712,99982,employed,emergency,5,4,1,120,2,bank_transfer,0
4367,2096,60,616,60483,employed,travel,6,4,7,362,1,card,1
4368,3229,37,444,112572,employed,travel,2,0,6,28,1,paypal,1
4369,5547,37,317,93157,employed,travel,3,0,4,107,4,card,0
4370,6229,38,650,25511,employed,emergency,0,1,0,280,4,paypal,0
4371,5950,35,454,34923,unemployed,shopping,2,3,9,28,4,bank_transfer,1
4372,4304,67,805,25558,employed,business,1,0,0,186,5,paypal,0
4373,7546,27,659,112771,self_employed,travel,3,1,7,195,4,card,1
4374,8619,51,631,15526,unemployed,shopping,4,0,3,146,0,paypal,0
4375,414,43,827,16753,employed,education,2,2,3,260,5,bank_transfer,1
4376,1234,47,311,41248,student,shopping,6,2,8,360,3,bank_transfer,1
4377,4976,26,374,29656,employed,education,5,2,1,177,2,card,1
4378,8202,63,511,38266,employed,emergency,2,0,4,128,0,crypto,1
4379,9812,68,582,79555,employed,shopping,5,4,5,106,5,card,1
4380,8447,48,494,77995,employed,emergency,6,4,5,352,1,bank_transfer,1
4381,5692,59,329,90756,employed,travel,6,2,9,211,2,bank_transfer,1
4382,1824,21,308,98574,employed,shopping,5,3,2,349,3,card,1
4383,3443,23,608,93277,self_employed,shopping,0,1,9,322,3,card,0
4384,986,31,744,85377,unemployed,travel,3,2,5,314,1,bank_transfer,1
4385,821,21,609,117345,employed,education,5,1,9,11,2,card,0
4386,7778,43,725,111111,employed,travel,0,1,9,360,4,paypal,1
4387,9204,64,390,80402,employed,business,0,2,4,321,2,bank_transfer,1
4388,3457,65,755,69176,employed,shopping,5,4,7,17,2,bank_transfer,1
4389,970,56,743,56733,student,business,3,3,3,336,3,card,1
4390,6851,34,378,29418,employed,travel,1,2,9,66,1,bank_transfer,1
4391,597,36,774,52185,employed,emergency,6,1,9,113,2,paypal,0
4392,1856,68,402,56745,self_employed,travel,2,0,2,132,0,bank_transfer,0
4393,1217,66,755,108417,student,medical,0,0,5,71,0,card,0
4394,2928,23,613,68787,employed,business,2,1,9,61,1,card,0
4395,1747,46,546,95123,self_employed,medical,3,2,8,314,4,bank_transfer,1
4396,7092,28,533,67035,employed,business,1,4,7,244,5,bank_transfer,1
4397,6871,33,534,102804,employed,emergency,7,2,9,309,2,card,1
4398,242,47,686,80984,employed,medical,4,3,7,5,5,bank_transfer,1
4399,2861,42,337,67462,employed,medical,6,0,2,317,2,paypal,0
4400,3535,57,460,52353,unemployed,business,6,1,0,21,3,card,0
4401,6722,28,761,88644,employed,travel,1,4,2,186,2,bank_transfer,0
4402,7169,24,748,63302,employed,education,7,2,2,209,5,paypal,0
4403,4612,43,416,91979,employed,travel,3,3,5,231,4,crypto,1
4404,1948,39,540,37435,employed,education,1,2,2,14,2,card,1
4405,2796,42,325,72728,self_employed,business,6,3,1,352,2,card,0
4406,1817,36,597,113598,employed,shopping,4,2,8,79,3,crypto,1
4407,3172,48,453,16238,employed,travel,0,4,5,182,0,card,1
4408,9359,43,767,95857,self_employed,medical,1,4,4,78,0,bank_transfer,1
4409,2886,59,348,96610,employed,travel,5,1,2,297,4,bank_transfer,1
4410,3891,58,345,28049,employed,business,5,4,6,272,1,bank_transfer,1
4411,9580,53,584,72193,employed,shopping,3,3,6,51,1,card,1
4412,3971,40,381,50584,employed,shopping,6,1,3,257,3,paypal,1
4413,1906,64,343,81634,employed,travel,6,4,9,296,5,card,1
4414,1604,30,572,29679,employed,travel,1,0,1,18,5,bank_transfer,0
4415,3408,42,693,49505,student,emergency,4,3,1,290,2,bank_transfer,0
4416,7217,19,357,66341,self_employed,travel,3,1,7,218,3,card,1
4417,5148,19,300,116069,self_employed,business,1,3,3,100,5,card,1
4418,8363,33,515,65374,student,education,3,1,6,149,0,crypto,1
4419,1790,26,616,61998,employed,emergency,5,3,2,155,4,bank_transfer,1
4420,9636,45,527,91970,student,education,7,0,8,102,1,bank_transfer,1
4421,3403,30,772,70701,employed,medical,4,4,9,115,2,bank_transfer,1
4422,3213,52,783,59859,employed,business,0,2,8,270,1,card,1
4423,9174,58,586,48178,employed,emergency,4,2,6,92,0,bank_transfer,1
4424,7950,30,810,42575,employed,shopping,0,2,6,21,2,card,1
4425,6516,48,757,34329,unemployed,emergency,6,1,0,120,0,bank_transfer,0
4426,1604,38,394,72254,employed,medical,2,4,9,19,1,card,1
4427,9024,49,792,118090,employed,shopping,7,1,7,24,1,paypal,0
4428,4024,51,449,99029,employed,emergency,5,1,1,26,0,bank_transfer,0
4429,8715,25,322,102366,employed,shopping,6,1,7,153,2,card,1
4430,9883,58,514,119139,employed,travel,5,1,1,301,0,card,0
4431,4585,65,698,115290,employed,shopping,7,4,0,364,2,card,1
4432,8200,19,709,88662,employed,emergency,5,2,7,202,3,paypal,1
4433,8784,55,430,55068,student,shopping,4,3,3,139,3,card,1
4434,291,49,447,73951,employed,business,0,1,9,280,2,bank_transfer,0
4435,8790,57,680,102629,employed,travel,2,4,5,24,0,card,1
4436,5017,45,408,50171,self_employed,travel,7,0,9,12,2,crypto,1
4437,5931,54,420,23262,unemployed,medical,2,3,9,135,1,bank_transfer,1
4438,9548,58,594,58270,employed,travel,2,1,0,81,0,card,0
4439,4422,18,419,35785,employed,education,6,1,8,355,5,bank_transfer,1
4440,7099,58,755,54469,unemployed,business,3,3,6,70,2,crypto,1
4441,9108,27,829,83831,employed,medical,4,3,4,204,1,bank_transfer,1
4442,7382,21,468,96223,employed,education,4,1,5,79,4,bank_transfer,1
4443,9765,52,442,60643,employed,shopping,6,4,2,279,1,card,1
4444,9378,27,336,82657,unemployed,education,5,0,8,199,5,card,1
4445,1974,64,560,18582,unemployed,medical,4,4,1,294,2,card,1
4446,9162,28,530,45280,student,travel,4,2,9,285,0,bank_transfer,1
4447,4863,31,553,57589,employed,business,3,2,0,156,0,bank_transfer,0
4448,8564,55,628,119004,employed,medical,4,2,0,76,3,paypal,1
4449,9321,29,596,55000,employed,education,0,1,9,219,5,bank_transfer,1
4450,1151,62,309,117592,student,education,6,0,1,324,2,card,0
4451,9865,34,745,112208,unemployed,medical,2,0,5,277,1,bank_transfer,1
4452,7638,33,529,16085,employed,emergency,3,1,5,265,1,bank_transfer,1
4453,7511,52,835,96427,self_employed,emergency,3,1,8,49,5,bank_transfer,1
4454,6420,19,377,30600,employed,medical,5,1,9,98,2,bank_transfer,1
4455,2205,28,724,112994,employed,emergency,4,0,3,293,1,card,0
4456,407,58,492,74801,self_employed,medical,2,1,7,21,4,card,1
4457,7837,20,700,76739,employed,travel,6,3,3,23,5,bank_transfer,1
4458,3459,46,408,89181,employed,medical,0,3,2,138,3,card,1
4459,3276,35,562,56596,employed,shopping,7,3,3,230,0,bank_transfer,0
4460,1351,37,628,85410,student,business,6,1,0,326,1,card,0
4461,5466,64,662,94303,student,business,7,3,8,357,4,paypal,1
4462,1617,31,677,67188,unemployed,shopping,2,1,4,29,2,paypal,0
4463,6326,51,640,41825,self_employed,education,6,3,6,315,1,crypto,1
4464,5405,66,558,25913,employed,education,1,1,2,21,5,paypal,0
4465,9670,48,634,96751,employed,education,2,4,4,342,2,crypto,0
4466,5969,57,384,99269,unemployed,education,0,2,9,99,4,bank_transfer,1
4467,8139,59,821,29332,self_employed,travel,0,4,3,63,4,crypto,1
4468,4991,35,607,69895,self_employed,shopping,0,2,6,302,0,bank_transfer,1
4469,5092,47,561,19432,self_employed,business,3,2,4,133,2,paypal,0
4470,2061,42,751,103095,student,shopping,6,3,1,15,3,card,1
4471,2963,36,550,41570,employed,business,3,2,2,105,0,bank_transfer,1
4472,6703,25,623,21103,employed,education,1,2,7,111,2,paypal,1
4473,4667,45,528,30900,self_employed,travel,2,4,2,339,2,bank_transfer,1
4474,6613,25,596,73415,student,medical,4,2,6,336,4,card,1
4475,4105,48,536,82567,self_employed,medical,5,1,4,111,5,bank_transfer,1
4476,9214,20,516,77713,employed,emergency,1,1,6,363,4,bank_transfer,1
4477,283,20,545,98169,employed,education,6,3,9,343,2,bank_transfer,1
4478,7855,61,747,73639,self_employed,education,4,4,8,4,5,bank_transfer,1
4479,3458,39,618,103728,self_employed,shopping,7,0,6,152,5,card,1
4480,6715,34,731,100476,self_employed,travel,6,4,5,42,4,paypal,1
4481,9690,53,703,23988,employed,travel,4,0,0,26,2,bank_transfer,0
4482,6897,34,336,118603,unemployed,shopping,1,2,3,362,2,card,1
4483,8828,31,641,93488,self_employed,travel,2,0,7,194,5,paypal,1
4484,7778,68,688,107905,student,travel,5,2,0,360,0,card,0
4485,5798,26,333,116398,employed,medical,4,4,5,8,0,card,1
4486,1373,47,338,17977,employed,travel,3,4,1,73,3,paypal,1
4487,6753,38,508,119029,student,education,3,3,8,78,0,paypal,1
4488,1196,29,451,69641,employed,medical,1,3,7,148,1,card,1
4489,9597,54,664,16268,employed,education,5,2,8,322,1,card,1
4490,9207,49,498,69431,employed,education,5,2,8,68,4,card,1
4491,8102,28,378,31756,student,shopping,6,1,1,355,5,paypal,0
4492,4347,37,776,35764,employed,emergency,4,1,1,183,1,paypal,0
4493,9320,52,733,74912,employed,travel,1,1,8,334,0,bank_transfer,1
4494,5414,64,331,55385,unemployed,travel,5,4,1,85,5,card,1
4495,3454,63,386,30032,self_employed,travel,5,0,3,79,3,card,0
4496,370,28,692,110014,employed,travel,3,2,1,39,2,paypal,0
4497,1286,69,543,60702,employed,medical,1,3,0,306,3,card,1
4498,6405,25,531,26885,unemployed,business,4,2,9,20,0,bank_transfer,1
4499,2498,21,491,24796,employed,education,7,0,6,70,0,bank_transfer,0
4500,7095,44,839,119583,self_employed,emergency,4,2,4,156,0,card,1
4501,7399,61,569,47863,employed,emergency,3,3,2,117,4,card,1
4502,4282,57,376,96014,student,business,7,3,7,28,1,card,1
4503,2330,55,466,47117,student,business,6,0,4,98,0,bank_transfer,0
4504,6611,64,583,35753,self_employed,business,7,3,0,329,2,paypal,0
4505,228,47,388,35325,employed,medical,7,4,8,151,1,bank_transfer,1
4506,9561,61,843,22021,student,business,0,3,4,364,1,card,1
4507,3772,65,455,95721,employed,medical,0,0,2,22,4,card,0
4508,9893,65,549,68096,unemployed,shopping,5,0,5,261,3,card,1
4509,4865,44,394,86404,employed,shopping,2,2,7,60,5,card,1
4510,4070,38,316,28071,self_employed,emergency,3,3,1,163,1,bank_transfer,1
4511,7645,69,416,79649,employed,shopping,2,3,2,114,1,crypto,1
4512,5652,37,632,23041,self_employed,medical,5,0,6,354,0,paypal,0
4513,727,21,821,97051,employed,medical,6,2,1,196,2,bank_transfer,0
4514,6689,28,379,55058,employed,education,3,2,4,45,0,bank_transfer,1
4515,2144,30,731,63263,employed,business,4,4,8,113,2,paypal,1
4516,2441,26,502,106502,employed,travel,6,4,6,179,1,bank_transfer,1
4517,5984,21,415,119820,employed,travel,3,0,2,270,2,bank_transfer,0
4518,8285,29,519,59470,employed,business,1,2,1,325,0,card,1
4519,349,26,552,102826,student,travel,7,2,9,56,0,card,1
4520,3025,30,468,111238,employed,travel,2,4,8,347,3,bank_transfer,1
4521,5143,65,615,43223,self_employed,travel,3,4,8,267,4,paypal,1
4522,1074,43,671,48575,employed,emergency,7,0,8,115,3,bank_transfer,1
4523,9617,55,455,60799,self_employed,medical,2,2,9,357,1,card,1
4524,7292,59,312,36661,employed,medical,6,0,2,167,2,bank_transfer,1
4525,9275,30,807,96975,unemployed,medical,5,4,0,354,0,bank_transfer,1
4526,9180,56,764,51432,student,business,3,3,8,115,0,paypal,1
4527,2772,45,519,114047,employed,shopping,0,4,6,80,0,card,1
4528,7379,36,314,46147,student,emergency,2,2,1,314,5,bank_transfer,1
4529,7631,41,416,44114,employed,emergency,7,0,5,286,0,bank_transfer,1
4530,9618,36,630,21030,self_employed,travel,4,2,8,323,5,crypto,1
4531,8762,66,355,105051,employed,education,4,4,7,29,1,bank_transfer,1
4532,2087,30,650,62429,employed,medical,7,4,5,42,4,paypal,1
4533,190,30,431,62743,employed,emergency,7,1,5,119,3,card,1
4534,8821,45,525,110869,self_employed,emergency,3,4,7,62,5,card,1
4535,4159,19,607,80615,employed,education,4,2,8,155,3,card,1
4536,2873,27,774,62577,student,travel,7,0,7,285,5,bank_transfer,1
4537,9978,39,521,109584,employed,emergency,6,0,0,189,0,card,1
4538,8483,30,472,17966,employed,emergency,4,1,1,285,0,card,0
4539,7509,26,639,18728,self_employed,shopping,2,2,5,104,2,bank_transfer,1
4540,4540,50,805,52304,student,education,6,4,7,57,0,bank_transfer,1
4541,7447,31,456,64277,unemployed,travel,3,3,3,311,3,bank_transfer,1
4542,1108,65,450,119117,self_employed,travel,2,0,3,172,2,card,0
4543,3883,37,477,105330,student,medical,3,2,1,156,2,paypal,1
4544,6746,32,832,15947,student,shopping,4,1,9,165,0,bank_transfer,0
4545,4398,49,411,93101,employed,travel,6,3,0,333,2,card,1
4546,4768,50,437,96380,employed,shopping,3,2,9,69,4,bank_transfer,1
4547,4387,34,532,81130,employed,medical,5,4,8,58,0,card,1
4548,2152,41,631,36414,employed,education,3,0,6,207,4,bank_transfer,1
4549,6109,47,841,111226,employed,emergency,1,4,8,85,0,card,1
4550,1816,30,606,97060,unemployed,emergency,3,1,1,325,5,paypal,0
4551,410,64,460,108005,employed,business,1,0,9,101,4,crypto,1
4552,4638,65,701,34439,self_employed,business,2,3,4,292,0,card,0
4553,1360,33,577,106742,self_employed,business,1,0,1,251,3,card,0
4554,4032,19,619,73220,employed,emergency,6,4,9,220,5,card,1
4555,684,34,832,61785,employed,shopping,2,2,6,160,5,bank_transfer,1
4556,7716,49,796,51973,employed,business,3,2,8,187,5,card,1
4557,8651,60,662,102091,self_employed,education,2,2,2,87,0,paypal,0
4558,2966,25,671,88318,unemployed,travel,4,1,0,330,3,card,0
4559,5998,69,335,83196,employed,shopping,5,1,3,349,1,bank_transfer,0
4560,2111,20,602,21089,student,emergency,3,2,3,155,5,bank_transfer,1
4561,6351,29,737,85854,employed,education,6,3,5,355,1,paypal,1
4562,5039,37,331,77235,self_employed,emergency,1,4,4,280,0,card,1
4563,4106,33,485,107141,self_employed,shopping,5,3,4,343,5,bank_transfer,1
4564,1725,31,473,44400,employed,shopping,0,2,8,323,3,bank_transfer,1
4565,990,33,549,30405,employed,shopping,5,4,0,164,3,bank_transfer,1
4566,6178,66,578,67763,employed,medical,7,1,7,68,5,card,0
4567,7136,60,301,45209,employed,travel,3,0,7,362,2,card,1
4568,9023,66,493,88598,self_employed,business,6,0,7,288,2,bank_transfer,1
4569,4061,68,465,32424,employed,medical,6,4,2,212,5,paypal,1
4570,2604,50,409,104523,self_employed,travel,7,3,9,120,4,card,1
4571,8906,47,679,35556,employed,emergency,5,4,7,185,2,card,1
4572,3906,29,584,108137,student,business,5,3,1,216,0,card,1
4573,6200,32,720,34330,student,medical,4,3,7,130,2,bank_transfer,1
4574,1819,35,412,96266,student,medical,2,0,7,78,2,bank_transfer,0
4575,6786,45,527,18236,employed,education,5,1,2,170,0,bank_transfer,0
4576,1687,40,770,84216,employed,medical,1,2,3,38,0,card,0
4577,7100,31,827,45312,student,shopping,6,1,8,55,4,card,1
4578,9903,47,795,36191,employed,emergency,7,2,8,290,3,bank_transfer,1
4579,996,50,330,98457,employed,medical,1,0,9,46,2,card,0
4580,5658,62,461,51640,employed,shopping,4,2,8,171,5,card,1
4581,8569,32,677,115171,self_employed,travel,5,3,9,130,5,bank_transfer,1
4582,4747,24,745,77293,self_employed,travel,5,4,5,164,1,card,1
4583,9928,32,726,51688,self_employed,shopping,4,2,0,70,3,paypal,1
4584,2532,69,803,86229,employed,education,3,1,7,292,0,card,0
4585,4004,59,826,100802,employed,education,0,0,8,69,5,card,0
4586,6937,63,831,107024,unemployed,travel,0,0,7,105,2,card,0
4587,1549,55,819,39122,employed,emergency,2,4,0,54,4,bank_transfer,1
4588,4600,63,333,56224,employed,medical,1,3,5,363,1,bank_transfer,1
4589,5554,61,789,109540,self_employed,travel,3,3,8,248,3,bank_transfer,1
4590,9524,28,722,21331,employed,travel,1,0,8,309,2,bank_transfer,0
4591,4217,46,767,102102,employed,shopping,3,3,6,106,0,card,1
4592,8969,48,323,57262,employed,education,4,4,6,349,3,card,1
4593,2128,42,515,101314,employed,emergency,2,0,3,315,1,crypto,0
4594,6945,69,354,74592,employed,shopping,4,3,6,97,0,card,1
4595,3858,41,325,48926,student,travel,1,2,9,342,1,bank_transfer,1
4596,6004,36,580,101287,employed,business,6,2,4,27,2,paypal,0
4597,4724,19,626,32528,employed,medical,2,3,9,72,3,card,1
4598,8948,39,485,15068,self_employed,travel,5,2,4,185,4,bank_transfer,1
4599,265,37,794,84253,unemployed,shopping,7,4,0,134,2,card,0
4600,4691,50,311,95754,employed,business,6,1,1,174,5,card,0
4601,689,25,733,58968,student,business,7,4,8,281,2,card,1
4602,4624,42,507,105938,self_employed,travel,3,4,1,98,4,paypal,1
4603,2921,63,432,63623,employed,emergency,3,3,9,64,4,card,1
4604,6609,26,638,112179,employed,education,2,4,1,113,5,card,0
4605,7793,51,495,57129,employed,business,4,3,8,65,5,card,1
4606,9554,40,561,109688,self_employed,medical,2,0,2,216,0,card,0
4607,171,22,581,76321,employed,shopping,4,3,1,354,1,paypal,0
4608,3680,42,668,26526,employed,shopping,2,3,6,290,2,card,1
4609,8062,25,402,107452,self_employed,shopping,4,0,8,315,0,paypal,1
4610,368,33,482,106564,employed,travel,0,1,5,89,5,paypal,1
4611,2562,65,722,41709,student,shopping,2,0,6,247,0,paypal,1
4612,9560,62,308,30063,student,shopping,7,3,2,332,2,card,1
4613,1115,69,543,19723,employed,medical,7,2,2,149,1,card,1
4614,9375,32,692,19213,unemployed,education,4,3,7,357,4,bank_transfer,1
4615,8084,18,826,37797,employed,emergency,5,0,6,240,2,card,0
4616,506,39,336,116770,employed,travel,1,3,4,6,1,bank_transfer,1
4617,7484,20,477,99946,employed,travel,6,0,5,237,4,card,1
4618,6149,55,371,103918,self_employed,shopping,6,4,8,267,3,crypto,1
4619,6269,31,651,60217,self_employed,medical,6,1,2,336,2,card,0
4620,8082,53,448,83283,employed,business,1,1,2,238,5,card,1
4621,1085,35,404,38655,employed,shopping,7,0,5,139,2,bank_transfer,0
4622,4585,64,520,110884,employed,shopping,2,1,7,165,5,card,1
4623,9001,58,673,92990,student,travel,2,2,4,282,1,card,0
4624,2718,35,817,27587,student,travel,3,2,0,185,0,card,0
4625,6389,20,559,37555,self_employed,shopping,4,1,2,154,0,card,0
4626,9703,27,598,43071,self_employed,travel,2,0,7,106,1,card,0
4627,7028,66,341,35239,self_employed,medical,1,2,3,149,2,card,1
4628,5468,56,791,112138,employed,business,1,1,8,185,2,bank_transfer,0
4629,4721,64,738,64151,employed,business,6,3,5,271,5,card,1
4630,9777,18,346,17203,self_employed,business,1,2,9,359,2,bank_transfer,1
4631,7666,44,384,28635,employed,shopping,7,4,3,191,3,bank_transfer,1
4632,4770,44,357,67571,employed,emergency,4,2,3,163,5,card,1
4633,7758,28,508,16144,unemployed,shopping,0,1,9,201,0,card,1
4634,1103,66,547,47699,student,shopping,2,1,4,106,3,paypal,0
4635,7604,22,510,99619,employed,medical,6,1,6,215,2,bank_transfer,1
4636,2566,24,338,106663,self_employed,business,0,0,6,324,0,card,0
4637,2039,36,551,27213,unemployed,travel,4,0,9,220,5,crypto,1
4638,1735,46,712,31944,employed,travel,6,3,6,345,2,bank_transfer,1
4639,9990,32,745,81723,employed,education,5,3,4,217,5,card,1
4640,8195,52,351,83669,employed,education,2,2,8,29,2,crypto,1
4641,6365,64,673,83947,employed,emergency,3,1,1,238,1,card,0
4642,1995,54,825,49457,student,travel,2,3,7,64,0,crypto,1
4643,6624,29,455,117711,employed,business,2,1,9,96,2,card,0
4644,1173,47,841,50191,employed,shopping,2,2,7,154,4,card,1
4645,5284,37,389,87264,employed,travel,6,0,2,28,4,bank_transfer,0
4646,2502,54,650,72924,employed,emergency,6,3,4,340,5,card,1
4647,4995,20,368,48744,employed,emergency,2,4,7,176,2,card,1
4648,7431,26,462,68424,self_employed,travel,5,4,9,251,1,bank_transfer,1
4649,9443,58,541,103417,employed,education,2,4,8,194,5,card,1
4650,2056,56,794,93337,self_employed,business,4,4,6,279,2,paypal,1
4651,7123,43,682,91084,self_employed,travel,2,4,3,39,4,card,1
4652,4007,19,351,47886,employed,shopping,5,4,3,69,0,paypal,1
4653,907,40,362,114846,self_employed,shopping,7,4,2,277,1,card,1
4654,8478,40,808,99963,self_employed,medical,4,3,7,120,2,bank_transfer,1
4655,4927,38,591,15972,employed,shopping,2,4,5,86,4,card,1
4656,4624,33,390,114219,employed,travel,2,4,9,177,0,bank_transfer,1
4657,9599,26,723,21621,self_employed,travel,4,2,5,94,4,card,1
4658,2384,30,664,106549,unemployed,shopping,2,3,9,92,5,card,1
4659,5413,45,449,64738,employed,education,5,2,9,81,1,card,1
4660,857,44,570,72694,employed,business,6,1,8,341,5,card,1
4661,4987,68,415,69777,employed,emergency,7,4,2,228,3,card,1
4662,3954,69,815,29530,employed,travel,1,0,3,88,2,bank_transfer,0
4663,3658,34,540,22354,self_employed,shopping,2,4,2,350,5,card,1
4664,9872,55,329,61529,employed,emergency,3,4,2,128,0,card,1
4665,1061,53,442,117895,employed,shopping,4,2,0,298,1,paypal,0
4666,3947,18,625,66714,employed,travel,5,1,9,190,1,bank_transfer,0
4667,6826,35,315,103759,employed,medical,2,2,5,355,3,paypal,1
4668,3675,68,410,56232,employed,business,2,3,8,134,3,paypal,1
4669,9167,26,406,67079,employed,travel,4,1,4,136,2,card,0
4670,2518,30,678,27550,employed,emergency,0,1,9,325,5,crypto,0
4671,4298,57,461,103196,student,shopping,5,1,1,40,2,card,0
4672,1101,62,582,75385,unemployed,medical,5,2,9,138,5,paypal,1
4673,5344,32,568,79736,employed,travel,1,4,3,287,5,bank_transfer,0
4674,7219,60,783,111565,employed,business,6,4,5,256,1,bank_transfer,1
4675,4166,61,372,45268,employed,medical,6,4,6,286,5,bank_transfer,1
4676,2945,63,496,106876,employed,emergency,1,4,6,85,2,paypal,1
4677,9773,21,542,19290,employed,shopping,2,4,3,317,2,bank_transfer,1
4678,8949,50,558,70034,employed,education,4,3,9,27,3,card,1
4679,5416,41,448,45138,self_employed,business,3,0,9,230,1,card,0
4680,522,53,689,86982,employed,medical,2,1,4,291,4,bank_transfer,0
4681,6815,68,715,28432,employed,travel,1,0,3,316,4,card,0
4682,4366,58,725,82058,student,travel,2,3,9,288,0,bank_transfer,1
4683,7649,27,516,73175,self_employed,medical,4,4,5,346,3,bank_transfer,1
4684,6416,53,385,48329,employed,travel,5,3,6,132,0,card,1
4685,2810,37,515,84076,employed,medical,7,3,1,91,1,bank_transfer,1
4686,8744,58,722,27328,employed,business,5,0,9,356,4,bank_transfer,1
4687,8169,62,619,49247,employed,travel,5,1,2,229,4,paypal,0
4688,1757,61,417,21677,employed,business,5,2,7,27,4,card,1
4689,2641,28,714,76810,employed,shopping,6,2,6,303,0,paypal,1
4690,6863,29,339,65357,employed,shopping,3,1,0,282,2,crypto,0
4691,3175,35,460,70812,self_employed,shopping,0,4,3,280,0,paypal,1
4692,3264,47,836,56616,self_employed,shopping,6,3,4,199,4,paypal,1
4693,2153,61,719,76284,employed,travel,3,4,2,300,3,bank_transfer,1
4694,8579,65,394,64741,employed,medical,7,3,3,154,3,card,1
4695,5837,54,741,68478,employed,travel,2,2,9,299,5,bank_transfer,1
4696,3317,37,765,69056,employed,emergency,1,1,9,43,0,bank_transfer,0
4697,1547,42,587,106483,employed,travel,7,0,9,322,5,paypal,1
4698,6109,29,711,60534,student,business,4,0,6,110,5,bank_transfer,0
4699,707,38,699,94056,self_employed,medical,2,1,7,111,0,bank_transfer,0
4700,4652,42,827,79162,student,education,7,2,8,1,5,bank_transfer,1
4701,1864,28,317,59711,self_employed,education,0,3,1,140,1,card,0
4702,9517,26,435,37805,unemployed,medical,4,0,3,178,0,card,1
4703,9527,67,763,110980,self_employed,education,4,2,0,60,5,bank_transfer,1
4704,9321,42,547,35143,unemployed,medical,4,1,2,183,5,card,1
4705,2771,52,300,90828,employed,business,2,4,7,282,0,card,1
4706,6619,69,680,77473,employed,business,0,2,6,313,4,bank_transfer,1
4707,4062,49,808,31017,self_employed,travel,2,2,7,221,5,bank_transfer,1
4708,3277,66,759,78202,unemployed,education,4,4,5,227,2,bank_transfer,1
4709,3822,31,804,105859,employed,medical,4,2,4,144,4,paypal,1
4710,5006,18,775,56423,employed,business,6,0,9,224,2,card,0
4711,7363,34,331,56713,employed,travel,1,0,8,52,4,card,1
4712,5154,42,417,102856,self_employed,education,3,0,4,81,4,bank_transfer,0
4713,9767,25,483,89310,employed,education,7,2,8,149,1,paypal,1
4714,908,22,490,17205,self_employed,education,2,2,3,27,5,bank_transfer,1
4715,9270,22,373,68266,unemployed,business,0,2,4,232,2,card,1
4716,825,58,402,27342,student,business,6,1,0,111,4,bank_transfer,1
4717,7801,52,719,84563,employed,education,4,4,5,79,4,paypal,1
4718,1316,36,772,78190,employed,business,2,2,2,279,2,card,0
4719,4151,40,413,96863,employed,education,3,4,9,127,1,card,1
4720,2297,26,678,36200,employed,shopping,2,3,1,281,2,bank_transfer,0
4721,2906,47,612,22188,employed,business,7,0,5,319,1,card,0
4722,9070,67,629,17808,student,medical,7,1,0,341,1,card,0
4723,1072,33,638,28851,employed,business,3,4,8,182,3,card,1
4724,5734,50,537,95890,student,education,2,0,4,119,1,card,0
4725,7583,19,472,79928,unemployed,medical,1,1,6,266,3,card,1
4726,2223,31,378,30058,employed,travel,2,0,9,178,5,card,1
4727,8890,63,763,29620,unemployed,medical,6,2,8,201,0,card,1
4728,324,18,800,67755,self_employed,medical,5,2,8,70,1,paypal,1
4729,9132,43,584,77995,employed,business,1,0,6,158,2,card,1
4730,1914,42,522,111766,employed,emergency,3,1,3,311,3,bank_transfer,0
4731,1206,33,565,51681,employed,medical,4,0,3,98,0,paypal,0
4732,224,32,672,79509,employed,medical,4,3,6,205,5,card,1
4733,3346,43,532,98339,self_employed,education,7,1,7,86,0,card,0
4734,3031,64,535,82703,employed,business,2,1,6,361,1,bank_transfer,1
4735,3071,61,613,82680,self_employed,education,0,0,9,280,2,card,0
4736,2117,33,679,82703,employed,business,2,4,3,85,1,bank_transfer,0
4737,7515,31,719,57136,employed,travel,1,0,3,359,4,paypal,0
4738,2515,46,351,106380,self_employed,emergency,1,4,7,215,0,card,1
4739,3196,41,808,108699,self_employed,medical,3,1,8,133,4,bank_transfer,1
4740,1709,64,504,103456,employed,business,2,2,6,247,4,paypal,1
4741,817,32,556,98086,employed,medical,3,2,2,141,3,card,1
4742,3661,36,484,51343,student,medical,0,0,9,76,4,card,1
4743,9308,25,444,33254,self_employed,shopping,4,4,0,98,0,bank_transfer,1
4744,6882,51,313,76273,employed,education,4,0,4,303,0,crypto,0
4745,1148,19,545,74611,employed,emergency,2,3,5,55,2,card,1
4746,9649,44,486,75002,employed,business,3,0,8,305,1,card,1
4747,8407,27,636,100683,employed,travel,3,0,4,259,2,card,0
4748,8005,52,558,27926,self_employed,emergency,0,0,0,22,2,card,0
4749,5678,40,339,114359,student,shopping,3,0,3,35,1,card,0
4750,1720,66,717,79264,self_employed,education,5,4,1,28,0,card,1
4751,6648,25,650,104527,employed,travel,5,4,3,170,3,bank_transfer,0
4752,7481,45,308,42563,student,travel,1,4,6,140,4,crypto,1
4753,4880,40,649,45688,employed,medical,5,3,8,129,3,paypal,1
4754,3892,21,383,109559,unemployed,education,7,3,2,100,4,paypal,1
4755,3041,31,832,49130,employed,shopping,5,0,2,247,1,card,0
4756,5795,59,657,15925,employed,business,1,4,3,23,1,card,0
4757,6501,46,677,66595,self_employed,business,5,3,6,357,2,bank_transfer,1
4758,9269,18,471,31321,employed,shopping,5,2,5,284,5,bank_transfer,1
4759,6297,21,324,25769,student,medical,1,0,4,113,5,bank_transfer,0
4760,5550,49,692,51748,self_employed,medical,2,1,3,197,1,card,0
4761,9075,50,402,55028,employed,travel,6,4,7,164,4,bank_transfer,1
4762,8532,66,535,31151,self_employed,education,1,0,3,310,5,card,1
4763,5974,43,709,91133,employed,travel,1,0,2,56,3,card,0
4764,1653,34,848,49187,employed,business,7,1,6,10,3,card,0
4765,1112,56,631,58835,unemployed,shopping,5,2,1,133,3,paypal,1
4766,8478,40,831,15059,student,education,4,3,3,152,5,card,1
4767,1981,49,328,115828,employed,shopping,6,3,7,191,3,paypal,1
4768,6899,69,842,100717,employed,education,5,1,3,284,2,paypal,0
4769,4686,32,318,42235,employed,emergency,2,1,9,277,5,bank_transfer,1
4770,8722,30,447,109208,student,business,1,3,6,243,3,crypto,1
4771,8530,19,770,82114,unemployed,business,0,2,1,332,4,card,1
4772,6547,36,790,60366,employed,emergency,1,2,4,276,2,bank_transfer,0
4773,2445,41,582,96583,student,education,6,0,3,190,2,paypal,0
4774,175,62,412,47160,employed,medical,2,1,8,115,5,card,1
4775,9648,41,754,114011,employed,education,6,1,6,352,2,bank_transfer,0
4776,5977,28,629,105085,unemployed,business,3,1,8,307,1,card,0
4777,6885,39,554,20277,employed,shopping,6,3,9,358,2,card,1
4778,5022,32,698,16780,employed,travel,5,3,6,296,4,paypal,1
4779,8190,27,807,61579,self_employed,shopping,4,3,1,234,5,bank_transfer,1
4780,2430,58,765,75750,employed,business,4,2,1,341,5,card,0
4781,4786,44,706,71902,employed,shopping,5,3,1,81,3,paypal,1
4782,2002,26,397,95198,unemployed,medical,7,0,4,193,1,card,0
4783,4770,69,589,112052,self_employed,medical,5,3,0,364,3,paypal,1
4784,7243,45,455,47161,student,education,2,2,6,258,0,crypto,1
4785,2159,18,461,59499,employed,shopping,7,1,1,231,1,paypal,0
4786,240,34,396,46886,employed,shopping,1,0,3,14,4,bank_transfer,0
4787,1889,48,676,23800,unemployed,business,7,2,8,14,1,bank_transfer,1
4788,116,61,749,64460,employed,education,0,4,7,44,2,bank_transfer,1
4789,564,27,416,85975,employed,education,1,1,9,210,1,bank_transfer,0
4790,4571,54,805,84843,employed,shopping,1,3,1,40,2,card,0
4791,1927,46,488,17364,employed,travel,0,2,3,34,3,card,1
4792,8811,35,775,31568,employed,shopping,7,4,3,235,1,bank_transfer,1
4793,6056,64,622,53092,student,shopping,4,2,1,321,1,bank_transfer,0
4794,189,55,479,86019,unemployed,shopping,7,3,1,234,4,bank_transfer,1
4795,4915,56,480,77679,self_employed,medical,1,2,4,274,0,bank_transfer,1
4796,2951,66,586,80781,student,emergency,3,4,3,290,1,bank_transfer,0
4797,2943,23,774,23430,student,education,3,2,7,343,3,bank_transfer,1
4798,9217,57,561,88719,self_employed,emergency,2,0,3,336,2,card,0
4799,6643,29,822,53692,employed,medical,2,0,7,229,3,card,1
4800,6001,31,461,45086,employed,travel,6,3,4,318,5,card,1
4801,1069,61,786,64671,employed,business,0,4,0,128,5,bank_transfer,1
4802,1194,27,480,113262,employed,travel,0,4,8,326,4,card,1
4803,6224,37,768,28901,employed,education,2,4,7,209,5,bank_transfer,1
4804,7447,32,320,18907,employed,business,5,4,0,304,1,card,1
4805,3295,48,574,113580,employed,emergency,1,4,2,80,0,card,0
4806,1504,24,559,43604,employed,travel,5,1,2,295,0,bank_transfer,0
4807,7040,58,632,52869,employed,education,4,2,4,176,1,card,1
4808,4390,27,765,29537,employed,travel,3,4,6,233,0,bank_transfer,1
4809,4082,27,415,27501,student,business,0,0,0,326,3,paypal,1
4810,5655,65,712,52371,employed,business,2,2,0,336,2,bank_transfer,0
4811,8054,56,836,51821,student,travel,3,3,9,265,1,bank_transfer,1
4812,4813,45,556,103732,unemployed,medical,5,3,5,285,5,bank_transfer,1
4813,3192,47,467,21073,self_employed,travel,0,4,4,118,2,card,0
4814,4259,54,832,76005,self_employed,emergency,0,1,2,166,0,bank_transfer,0
4815,6408,20,314,91097,unemployed,travel,6,1,2,318,4,card,1
4816,7578,67,349,33101,employed,travel,1,2,3,142,2,card,1
4817,8576,60,603,46426,unemployed,medical,0,1,9,247,4,card,1
4818,5033,32,786,109877,student,shopping,4,3,1,177,3,bank_transfer,1
4819,5026,38,715,22313,self_employed,business,7,4,8,299,4,bank_transfer,1
4820,9479,69,604,45773,employed,emergency,0,0,3,344,2,paypal,0
4821,4069,54,495,43003,employed,education,7,3,9,264,2,card,1
4822,3065,29,687,74668,self_employed,business,4,3,2,168,1,card,0
4823,4419,21,754,106956,self_employed,business,5,2,9,25,5,bank_transfer,1
4824,9075,64,609,86250,self_employed,shopping,6,1,6,191,4,bank_transfer,1
4825,7208,26,426,107675,employed,business,1,0,8,15,3,card,1
4826,9241,56,474,106634,employed,business,6,0,1,16,1,card,0
4827,4039,59,433,57294,employed,medical,4,1,5,310,1,bank_transfer,0
4828,144,45,365,28582,employed,medical,5,4,4,127,3,card,1
4829,1910,40,692,28760,employed,medical,3,1,0,267,1,bank_transfer,0
4830,4666,62,664,86791,employed,medical,6,4,6,28,3,bank_transfer,1
4831,9121,57,578,97158,employed,medical,6,0,0,263,0,card,0
4832,2009,61,662,50983,employed,emergency,0,2,9,294,1,card,1
4833,6464,39,470,55309,employed,education,6,3,8,152,2,paypal,1
4834,2681,41,350,44715,unemployed,shopping,2,0,3,68,0,card,0
4835,791,68,627,51415,student,travel,2,0,7,37,1,card,0
4836,1031,43,444,102328,self_employed,emergency,4,0,0,35,3,bank_transfer,1
4837,8010,47,573,103260,employed,medical,1,3,4,134,0,bank_transfer,1
4838,6482,50,454,66581,self_employed,shopping,4,4,2,161,5,bank_transfer,1
4839,3506,33,807,18652,employed,travel,7,2,3,224,0,bank_transfer,0
4840,8439,39,662,41297,unemployed,business,6,2,3,110,2,crypto,1
4841,1132,66,624,112958,self_employed,emergency,6,2,7,102,1,card,1
4842,1411,67,597,29028,self_employed,business,5,4,9,355,1,bank_transfer,0
4843,8679,60,793,28803,student,shopping,6,1,9,182,3,bank_transfer,1
4844,3221,35,845,21307,employed,education,5,1,2,147,0,card,0
4845,1973,24,603,46325,employed,education,6,2,0,216,2,card,0
4846,9207,67,766,73616,self_employed,shopping,6,0,4,139,3,bank_transfer,0
4847,6881,43,538,75483,employed,education,4,0,1,327,5,bank_transfer,1
4848,3848,25,816,46574,employed,education,4,3,5,188,3,paypal,1
4849,377,23,475,99798,self_employed,business,3,1,3,88,2,bank_transfer,0
4850,1959,47,709,82071,employed,education,5,0,8,247,1,bank_transfer,0
4851,6029,56,663,29932,self_employed,education,3,2,6,186,2,paypal,0
4852,6892,40,322,30749,unemployed,shopping,4,3,1,88,1,bank_transfer,1
4853,4813,49,617,23727,employed,education,1,1,6,334,4,bank_transfer,0
4854,4775,39,824,70406,employed,emergency,0,3,9,152,0,bank_transfer,1
4855,1270,59,575,32332,employed,medical,5,0,7,267,2,bank_transfer,0
4856,8781,60,528,110070,employed,medical,2,2,2,200,5,bank_transfer,1
4857,9474,62,407,25834,employed,shopping,3,2,2,335,5,card,1
4858,5408,26,475,35325,employed,medical,7,2,1,246,3,paypal,1
4859,2562,48,619,24213,employed,business,5,0,0,216,1,card,0
4860,9922,24,585,16403,employed,emergency,7,4,2,74,0,bank_transfer,0
4861,387,26,628,71971,self_employed,emergency,0,2,9,160,5,card,1
4862,6053,30,655,69030,student,shopping,3,4,6,255,0,bank_transfer,1
4863,4382,20,313,88042,student,education,5,2,8,17,2,crypto,1
4864,2007,52,574,110195,employed,medical,3,4,8,138,3,paypal,1
4865,1261,50,370,22591,employed,business,3,1,5,6,5,bank_transfer,1
4866,229,38,494,27996,self_employed,shopping,4,1,5,219,2,bank_transfer,0
4867,6437,48,822,118364,employed,shopping,6,2,4,1,3,bank_transfer,1
4868,2463,69,405,67485,employed,education,4,3,1,64,4,card,1
4869,8251,51,495,62830,student,travel,3,3,6,209,2,card,1
4870,6083,49,444,49370,employed,medical,3,0,0,1,1,card,0
4871,243,52,649,72572,employed,business,6,1,5,357,2,paypal,0
4872,8307,32,723,94008,student,shopping,2,1,3,189,2,card,0
4873,7569,49,770,44098,unemployed,medical,0,3,2,247,5,bank_transfer,1
4874,344,23,515,76561,employed,business,6,2,0,257,4,paypal,1
4875,1026,62,392,17196,employed,emergency,0,0,5,174,5,bank_transfer,1
4876,3278,38,559,26091,self_employed,emergency,1,1,6,109,4,card,1
4877,2276,50,840,95576,self_employed,business,7,0,0,60,5,card,0
4878,5102,49,584,80254,employed,emergency,6,1,0,43,2,card,0
4879,986,69,783,64262,self_employed,shopping,1,4,6,38,3,bank_transfer,1
4880,8632,36,671,21023,unemployed,medical,1,4,5,363,4,card,1
4881,3498,50,369,35543,employed,business,4,0,6,258,4,bank_transfer,1
4882,8597,45,678,75029,unemployed,shopping,4,3,7,82,3,paypal,1
4883,9199,48,578,108913,unemployed,medical,2,3,7,221,0,card,1
4884,2754,38,601,117171,employed,medical,4,1,8,111,4,card,1
4885,7492,51,554,57337,student,shopping,1,4,8,265,4,bank_transfer,1
4886,1471,32,563,55409,employed,medical,5,4,6,136,3,card,1
4887,7235,31,723,85540,self_employed,travel,3,0,8,336,3,bank_transfer,0
4888,420,36,512,24963,student,business,1,0,5,318,2,bank_transfer,1
4889,4754,60,399,28796,employed,business,2,3,8,23,2,card,1
4890,5400,32,411,55972,self_employed,medical,3,3,1,349,0,paypal,1
4891,6861,23,607,87613,student,shopping,4,3,1,59,0,card,0
4892,6954,69,774,110384,employed,education,3,2,5,266,0,card,1
4893,5605,26,847,93062,employed,emergency,5,4,2,140,1,paypal,1
4894,9423,54,411,18261,employed,medical,2,4,1,116,3,card,1
4895,6653,37,386,32046,self_employed,education,4,0,7,204,4,card,1
4896,4142,51,482,28397,unemployed,medical,0,4,6,158,3,paypal,1
4897,9109,55,464,75436,student,education,1,0,7,330,3,card,1
4898,7598,43,389,105805,employed,medical,6,2,5,196,0,card,1
4899,6736,35,754,116694,employed,shopping,5,3,8,212,3,bank_transfer,1
4900,7462,45,537,40757,employed,emergency,5,2,8,41,1,card,1
4901,111,68,833,30299,employed,education,6,3,1,359,5,bank_transfer,0
4902,294,26,357,16902,employed,travel,1,3,9,7,4,bank_transfer,1
4903,2637,49,841,57399,employed,shopping,2,0,4,350,5,bank_transfer,0
4904,2942,23,701,63330,employed,emergency,2,3,8,105,0,card,1
4905,2329,31,818,61308,unemployed,medical,5,2,2,308,2,paypal,0
4906,3109,45,496,18846,self_employed,education,1,1,4,45,5,card,0
4907,8084,41,345,27359,self_employed,emergency,3,0,7,38,4,bank_transfer,1
4908,2177,30,829,64376,employed,business,0,3,1,164,5,paypal,0
4909,7945,60,696,83056,unemployed,shopping,0,3,5,81,2,card,1
4910,3967,29,373,55832,student,education,2,4,3,341,2,card,1
4911,4973,68,715,35098,student,shopping,7,0,5,58,3,card,1
4912,8735,36,634,119987,employed,education,2,0,2,302,4,crypto,0
4913,397,38,595,64962,employed,business,3,2,5,123,1,bank_transfer,1
4914,5956,44,383,103672,employed,travel,2,1,6,195,3,paypal,1
4915,9136,36,314,50885,employed,business,0,2,9,193,2,bank_transfer,1
4916,1115,41,433,111256,self_employed,medical,7,2,2,104,5,card,1
4917,1484,43,777,36157,unemployed,shopping,1,2,4,112,4,card,1
4918,9689,62,618,63372,employed,travel,5,1,7,132,3,paypal,1
4919,8845,45,691,34674,employed,shopping,0,2,1,96,4,bank_transfer,1
4920,2450,63,778,47357,self_employed,emergency,3,0,6,83,5,card,0
4921,1369,35,667,27578,employed,education,1,1,0,170,0,bank_transfer,0
4922,1360,61,666,17251,self_employed,medical,1,3,6,49,1,card,0
4923,7801,53,587,94049,self_employed,medical,5,4,0,135,1,card,0
4924,8476,59,677,52429,employed,shopping,0,4,3,265,1,bank_transfer,1
4925,4663,46,762,107641,student,medical,6,0,3,199,2,card,0
4926,6997,34,312,61871,employed,shopping,1,4,4,283,2,card,1
4927,5772,21,835,101526,student,education,1,4,1,35,1,bank_transfer,0
4928,5693,61,467,40499,student,education,2,4,5,344,4,bank_transfer,1
4929,6255,62,569,21421,student,shopping,1,3,5,204,0,card,1
4930,5643,46,369,67204,employed,business,3,4,7,241,2,card,1
4931,7340,21,617,39591,employed,business,1,2,9,349,5,crypto,1
4932,4783,27,675,75940,employed,education,2,0,0,323,3,card,0
4933,1981,42,388,107515,employed,travel,4,0,3,43,3,card,1
4934,8813,48,556,101371,student,business,4,0,1,264,2,card,0
4935,3909,20,516,118229,employed,shopping,3,3,7,78,1,card,1
4936,5907,64,749,27202,student,education,5,3,3,36,4,bank_transfer,1
4937,4983,19,843,115950,employed,medical,5,4,7,304,0,paypal,1
4938,7306,42,440,106202,employed,medical,6,2,1,174,3,bank_transfer,1
4939,4255,66,460,34290,student,business,6,4,3,135,2,bank_transfer,0
4940,4773,23,331,33130,employed,travel,3,0,8,330,4,paypal,1
4941,1509,43,451,52077,student,emergency,7,2,4,140,1,card,1
4942,9986,25,559,34396,employed,business,1,0,5,55,0,bank_transfer,0
4943,5297,52,578,75848,unemployed,travel,1,2,9,252,0,bank_transfer,1
4944,7552,44,584,98488,self_employed,business,7,1,8,279,3,card,1
4945,8818,42,841,75530,student,medical,4,3,8,180,3,bank_transfer,1
4946,2272,35,447,79274,employed,travel,4,3,6,13,5,bank_transfer,1
4947,379,18,366,42122,employed,medical,0,0,1,204,2,card,0
4948,4077,65,578,44381,unemployed,shopping,4,0,6,309,0,card,0
4949,2769,56,742,60435,student,shopping,7,1,8,63,1,card,0
4950,7925,20,698,38267,employed,education,6,4,1,74,1,card,1
4951,4081,21,427,76978,employed,medical,4,2,6,307,2,card,1
4952,4869,58,636,22088,employed,medical,3,1,6,155,0,bank_transfer,0
4953,5347,54,781,112354,employed,education,0,1,2,7,3,card,0
4954,4527,68,485,27822,self_employed,shopping,5,0,5,306,5,bank_transfer,0
4955,6235,32,468,65216,employed,shopping,0,0,7,343,1,card,1
4956,5673,25,559,51589,employed,travel,7,4,9,153,4,bank_transfer,1
4957,4231,55,806,80262,self_employed,travel,1,4,7,44,2,paypal,1
4958,7289,67,820,72911,employed,emergency,1,0,2,36,1,paypal,0
4959,4635,36,770,16436,self_employed,shopping,0,3,5,97,4,bank_transfer,1
4960,2876,64,460,76854,unemployed,emergency,0,4,1,165,4,card,1
4961,9411,43,588,76888,employed,business,1,1,1,234,1,card,0
4962,7797,56,639,42281,self_employed,medical,6,0,7,103,2,card,0
4963,8486,27,801,103017,employed,travel,7,2,9,7,4,crypto,1
4964,762,55,405,111005,employed,business,3,2,4,94,4,bank_transfer,1
4965,8771,31,774,99403,employed,travel,3,3,4,121,0,bank_transfer,0
4966,8144,66,762,68952,employed,education,3,0,3,37,5,bank_transfer,0
4967,4318,58,782,37766,employed,medical,3,1,9,21,5,bank_transfer,0
4968,9715,36,452,110273,employed,emergency,1,3,3,98,5,bank_transfer,1
4969,5160,47,448,36213,student,emergency,7,1,7,302,0,card,1
4970,5974,22,487,108891,self_employed,travel,6,2,2,21,5,card,1
4971,5681,48,430,77239,unemployed,shopping,2,1,2,232,0,bank_transfer,0
4972,2114,24,751,37537,self_employed,emergency,4,2,7,354,4,paypal,1
4973,3889,36,815,17794,employed,education,4,4,2,72,4,card,1
4974,9203,48,790,74204,employed,education,4,2,1,352,2,bank_transfer,0
4975,7248,69,775,47324,employed,shopping,4,2,4,52,3,card,1
4976,7866,56,562,71764,employed,education,1,3,2,222,0,bank_transfer,1
4977,2464,41,837,45858,self_employed,medical,2,3,5,285,5,card,1
4978,3729,51,758,57850,employed,travel,1,0,6,325,3,bank_transfer,0
4979,6019,40,835,28018,employed,education,2,0,2,167,0,bank_transfer,0
4980,5775,65,594,98017,employed,medical,1,2,8,283,5,bank_transfer,1
4981,8972,62,734,65790,employed,shopping,6,4,9,205,0,card,1
4982,6738,57,574,96120,employed,travel,0,0,0,138,5,bank_transfer,0
4983,4751,23,607,24850,employed,shopping,2,2,6,36,2,card,1
4984,709,55,675,106237,student,travel,4,3,3,95,2,card,0
4985,8040,58,457,60975,employed,education,2,0,6,16,1,card,1
4986,3966,53,503,80510,self_employed,education,5,0,8,237,0,card,0
4987,471,44,374,80696,employed,travel,3,2,8,164,0,card,1
4988,7098,28,679,40832,employed,medical,2,2,0,90,0,paypal,0
4989,715,22,603,111746,student,medical,5,1,9,108,2,card,0
4990,7011,34,361,102826,self_employed,medical,3,1,3,84,5,bank_transfer,1
4991,6110,69,407,109977,employed,business,5,4,6,255,0,bank_transfer,1
4992,2353,24,486,39886,student,emergency,3,0,9,165,1,bank_transfer,0
4993,5042,44,528,112930,employed,emergency,0,1,5,200,4,bank_transfer,1
4994,964,64,347,23418,employed,emergency,2,2,8,324,1,paypal,1
4995,1368,32,567,22081,student,medical,5,0,6,315,5,paypal,1
4996,7554,63,553,117716,self_employed,education,6,1,2,157,4,card,0
4997,9076,30,386,25114,employed,business,0,4,6,31,2,bank_transfer,1
4998,4671,28,480,33722,employed,medical,4,4,9,66,5,card,1
4999,5329,62,324,102508,student,education,2,4,4,89,3,card,1
5000,2337,43,687,32985,employed,business,1,4,1,259,5,bank_transfer,0
